customer_id,product_id,quantity,unit_price_at_sale,total_amount,loyalty_card_used,order_date
59081-87231-VP,R-M-1,2,9.95,19.9,true,2026-05-21 18:40:46
61253-98356-VD,E-M-0.5,5,8.25,41.25,true,2026-05-09 09:01:16
09595-95726-OV,A-L-1,1,12.95,12.95,true,2026-01-11 10:57:24
24689-69376-XX,E-M-1,2,13.75,27.5,false,2026-04-27 10:12:36
01297-94364-XH,R-L-2.5,2,27.485,54.97,false,2026-03-28 15:26:12
21240-83132-SP,L-D-1,3,12.95,38.85,false,2026-05-28 19:09:00
70089-27418-UJ,E-D-0.5,3,7.29,21.87,true,2026-04-15 11:02:48
68493-99734-LP,L-L-0.2,1,4.755,4.755,true,2026-05-06 20:31:16
91460-04823-BX,R-M-0.5,3,5.97,17.91,false,2026-02-07 15:46:19
03677-09134-BC,R-M-0.5,1,5.97,5.97,false,2026-02-18 16:21:36
66580-33745-OQ,A-D-1,4,9.95,39.8,false,2026-03-18 16:28:43
17488-65879-XL,E-L-2.5,5,34.155,170.775,true,2026-01-22 20:47:12
27226-53717-SY,R-M-1,5,9.95,49.75,false,2026-05-19 11:28:52
34136-36674-OM,R-D-2.5,2,20.585,41.17,false,2026-02-13 16:13:47
59367-30821-ZQ,L-D-0.2,3,3.885,11.655,true,2026-02-16 17:22:41
12444-05174-OO,R-M-2.5,5,22.885,114.425,false,2026-03-13 11:03:51
77343-52608-FF,A-M-0.2,6,3.375,20.25,false,2026-02-22 17:44:49
34704-83143-KS,A-L-1,6,12.95,77.7,false,2026-03-06 14:25:39
80640-45811-LB,R-D-2.5,4,20.585,82.34,true,2026-01-10 16:12:26
16385-11286-NX,A-M-0.2,5,3.375,16.875,true,2026-04-09 16:42:33
49315-21985-BB,E-D-0.2,4,3.645,14.58,true,2026-03-08 20:04:47
08946-56610-IH,A-D-0.2,6,2.985,17.91,false,2026-05-18 10:24:24
01881-40815-VO,R-M-2.5,4,22.885,91.54,true,2026-05-23 14:56:49
80463-43913-WZ,A-D-0.2,4,2.985,11.94,true,2026-02-12 10:00:13
82990-92703-IX,A-M-1,1,11.25,11.25,false,2026-03-06 15:39:59
21134-81676-FR,E-M-0.2,3,4.125,12.375,true,2026-02-07 13:49:41
60121-12432-VU,A-M-0.5,4,6.75,27,true,2026-03-22 11:04:37
34136-36674-OM,A-M-0.2,5,3.375,16.875,false,2026-03-11 10:50:12
23806-46781-OU,A-D-0.5,3,5.97,17.91,false,2026-05-05 17:42:24
32948-34398-HC,A-D-1,4,9.95,39.8,true,2026-02-12 19:14:44
29851-36402-UX,L-M-0.2,5,4.365,21.825,false,2026-06-16 09:30:20
39123-12846-YJ,A-D-0.5,6,5.97,35.82,false,2026-06-02 18:22:15
16358-63919-CE,L-M-0.5,6,8.73,52.38,false,2026-01-26 16:41:50
67953-79896-AC,L-L-0.2,5,4.755,23.775,false,2026-04-11 19:12:22
68044-89277-ML,L-L-0.5,6,9.51,57.06,true,2026-05-28 11:55:03
48854-01899-FN,A-D-0.5,6,5.97,35.82,false,2026-06-13 16:17:51
29102-40100-TZ,L-M-0.2,2,4.365,8.73,false,2026-01-04 16:30:30
21240-83132-SP,L-L-0.5,3,9.51,28.53,false,2026-02-14 14:59:01
16880-78077-FB,R-M-2.5,5,22.885,114.425,false,2026-06-06 09:02:42
69037-66822-DW,R-M-1,6,9.95,59.7,true,2026-02-05 12:13:37
60748-46813-DZ,L-M-1,3,14.55,43.65,false,2026-06-25 10:54:07
45009-09239-IV,E-D-0.2,2,3.645,7.29,true,2026-02-14 17:26:50
92599-58687-CS,R-D-0.2,3,2.685,8.055,true,2026-03-30 20:53:35
14298-02150-KH,L-L-2.5,2,36.455,72.91,false,2026-05-12 10:24:41
33011-52383-BA,E-M-0.5,2,8.25,16.5,true,2026-03-03 11:27:30
76730-63769-ND,L-D-2.5,6,29.785,178.71,false,2026-05-19 12:57:23
64328-37891-JA,E-M-2.5,2,31.625,63.25,true,2026-03-07 17:16:14
54462-58311-YF,A-L-0.2,2,3.885,7.77,true,2026-05-11 12:52:39
99643-51048-IQ,A-D-2.5,4,22.885,91.54,false,2026-01-15 20:45:16
11212-69985-ZJ,A-L-1,3,12.95,38.85,false,2026-06-26 10:43:22
15456-29250-RU,L-D-0.5,2,7.77,15.54,false,2026-06-20 13:37:27
96836-09258-RI,L-L-2.5,4,36.455,145.82,true,2026-02-19 10:23:02
11349-55147-SN,R-M-0.5,5,5.97,29.85,false,2026-04-28 16:12:22
51971-70393-QM,L-L-2.5,2,36.455,72.91,false,2026-03-10 18:48:56
87049-37901-FU,L-M-1,5,14.55,72.75,false,2026-06-17 19:39:14
49894-06550-OQ,L-L-1,3,15.85,47.55,false,2026-02-22 17:10:56
96836-09258-RI,E-D-0.2,3,3.645,10.935,true,2026-04-06 20:37:13
66527-94478-PB,E-L-1,4,14.85,59.4,false,2026-06-09 18:08:55
39019-13649-CL,L-D-2.5,3,29.785,89.355,true,2026-05-25 10:38:57
02536-18494-AQ,L-M-0.5,3,8.73,26.19,true,2026-02-22 10:49:21
80247-70000-HT,A-D-2.5,5,22.885,114.425,false,2026-06-15 14:14:58
10728-17633-ST,R-D-0.5,5,5.37,26.85,true,2026-04-02 16:17:36
71631-11462-TH,L-L-0.2,5,4.755,23.775,true,2026-03-28 15:54:06
98051-37183-SK,A-M-0.5,1,6.75,6.75,false,2026-02-14 12:59:06
01841-48191-NL,R-M-0.5,6,5.97,35.82,true,2026-06-13 20:05:59
40214-03678-GU,R-D-2.5,4,20.585,82.34,true,2026-03-17 19:35:58
48203-23480-UB,R-L-0.5,1,7.17,7.17,true,2026-01-06 09:38:36
66408-53777-VE,L-L-0.2,2,4.755,9.51,false,2026-03-01 16:01:37
30256-29772-KK,R-M-0.2,1,2.985,2.985,false,2026-06-10 10:32:39
83731-53280-YC,R-M-1,6,9.95,59.7,true,2026-01-10 19:40:07
71749-05400-CN,E-L-2.5,4,34.155,136.62,false,2026-04-21 19:55:31
24010-66714-HW,L-L-0.2,2,4.755,9.51,false,2026-02-04 14:27:20
78224-60622-KH,A-M-2.5,3,25.875,77.625,false,2026-06-15 10:01:04
35367-50483-AR,L-M-0.2,5,4.365,21.825,true,2026-05-26 13:44:23
49231-44455-IC,E-L-0.5,2,8.91,17.82,true,2026-05-26 20:30:35
13561-92774-WP,R-D-1,6,8.95,53.7,true,2026-04-06 20:20:02
76624-72205-CK,R-L-0.2,1,3.585,3.585,true,2026-05-05 18:52:07
77634-13918-GJ,E-D-0.2,2,3.645,7.29,false,2026-02-11 15:02:11
10225-91535-AI,A-M-0.5,6,6.75,40.5,true,2026-06-08 16:57:33
51901-35210-UI,R-L-1,4,11.95,47.8,false,2026-04-26 09:54:24
48675-07824-HJ,A-L-0.5,5,7.77,38.85,true,2026-03-06 09:35:14
89442-35633-HJ,L-L-2.5,3,36.455,109.365,true,2026-06-15 09:00:01
03917-13632-KC,L-M-2.5,3,33.465,100.395,true,2026-03-27 13:53:01
87979-56781-YV,R-D-2.5,4,20.585,82.34,true,2026-04-29 14:41:48
55871-61935-MF,L-L-0.5,1,9.51,9.51,false,2026-04-26 12:34:04
96503-31833-CW,A-L-2.5,3,29.785,89.355,false,2026-06-08 17:02:00
43439-94003-DW,A-D-0.2,4,2.985,11.94,false,2026-01-16 13:49:39
87242-18006-IR,A-M-1,3,11.25,33.75,false,2026-04-09 09:01:53
19413-02045-CG,R-L-1,3,11.95,35.85,false,2026-02-14 09:38:28
61021-27840-ZN,A-L-1,6,12.95,77.7,false,2026-05-06 13:41:59
06631-86965-XP,A-L-1,4,12.95,51.8,true,2026-05-21 19:11:53
27930-59250-JT,A-M-2.5,4,25.875,103.5,false,2026-04-06 20:20:25
94526-79230-GZ,E-L-1,3,14.85,44.55,true,2026-03-14 14:40:00
93405-51204-UW,E-L-0.5,4,8.91,35.64,true,2026-02-05 11:29:08
52374-27313-IV,A-D-0.2,6,2.985,17.91,true,2026-05-29 18:54:18
50384-52703-LA,A-M-2.5,6,25.875,155.25,false,2026-05-09 11:41:27
30585-48726-BK,A-D-0.2,2,2.985,5.97,false,2026-03-30 20:43:56
57837-15577-YK,A-M-0.5,2,6.75,13.5,false,2026-04-07 15:44:00
37997-75562-PI,A-D-0.2,1,2.985,2.985,false,2026-06-30 11:18:39
00445-42781-KX,L-M-0.2,3,4.365,13.095,true,2026-06-28 15:05:29
83163-65741-IH,A-L-0.2,2,3.885,7.77,true,2026-03-20 12:55:11
33011-52383-BA,L-D-2.5,5,29.785,148.925,true,2026-05-17 15:06:30
19821-05175-WZ,L-D-1,3,12.95,38.85,true,2026-01-16 19:16:01
51427-89175-QJ,R-M-0.2,4,2.985,11.94,false,2026-06-05 12:25:49
90961-35603-RP,L-M-1,6,14.55,87.3,false,2026-02-20 11:44:04
76209-39601-ZR,A-M-0.5,6,6.75,40.5,true,2026-02-16 18:53:11
98051-37183-SK,E-D-1,2,12.15,24.3,false,2026-06-25 11:57:59
50924-94200-SQ,R-M-0.5,3,5.97,17.91,true,2026-02-24 15:04:14
29732-74147-HX,A-M-0.5,4,6.75,27,false,2026-04-05 20:37:31
34570-99384-AF,L-D-0.5,1,7.77,7.77,true,2026-04-19 20:59:13
66044-25298-TA,E-L-0.2,3,4.455,13.365,true,2026-02-08 14:20:33
64852-04619-XZ,R-D-0.5,5,5.37,26.85,false,2026-04-28 18:46:27
58118-22461-GC,A-M-1,1,11.25,11.25,false,2026-04-17 16:48:28
11107-57605-HS,L-M-1,1,14.55,14.55,false,2026-02-02 10:16:42
58443-95866-YO,R-L-0.2,4,3.585,14.34,false,2026-06-07 20:46:08
47939-53158-LS,L-L-1,1,15.85,15.85,false,2026-01-02 09:37:37
53809-98498-SN,L-L-0.2,4,4.755,19.02,true,2026-01-13 11:13:35
44530-75983-OD,L-L-0.5,4,9.51,38.04,false,2026-06-23 14:21:56
91190-84826-IQ,E-D-0.5,3,7.29,21.87,true,2026-01-18 09:12:03
23446-47798-ID,E-M-0.2,1,4.125,4.125,false,2026-06-05 15:31:58
83105-86631-IU,A-L-0.2,1,3.885,3.885,false,2026-04-21 19:54:41
15064-65241-HB,E-M-1,5,13.75,68.75,false,2026-06-17 16:08:34
71364-35210-HS,A-D-0.5,4,5.97,23.88,true,2026-04-13 19:36:48
87223-37422-SK,L-L-2.5,4,36.455,145.82,false,2026-02-16 11:54:41
63349-66809-NF,L-M-0.2,5,4.365,21.825,true,2026-05-03 09:19:47
54798-14109-HC,L-M-0.5,3,8.73,26.19,true,2026-01-07 09:20:04
37397-05992-VO,A-M-1,1,11.25,11.25,false,2026-04-18 20:48:56
06953-94794-FB,L-D-1,6,12.95,77.7,false,2026-02-23 20:50:50
23806-46781-OU,A-M-0.5,1,6.75,6.75,false,2026-05-03 20:17:12
38978-59582-JP,E-D-1,1,12.15,12.15,true,2026-06-16 14:12:12
47723-84396-MT,A-L-2.5,5,29.785,148.925,true,2026-05-03 18:02:41
57192-13428-PL,E-D-0.5,2,7.29,14.58,true,2026-03-17 12:35:51
60004-62976-NI,A-L-2.5,5,29.785,148.925,true,2026-02-10 11:28:16
51901-35210-UI,L-D-1,1,12.95,12.95,false,2026-05-17 18:24:52
28932-49296-TM,E-M-2.5,3,31.625,94.875,true,2026-02-22 19:15:21
74126-88836-KA,A-L-0.5,5,7.77,38.85,true,2026-03-16 15:04:38
51940-02669-OR,A-D-0.2,4,2.985,11.94,false,2026-01-20 09:40:05
15064-65241-HB,E-L-2.5,3,34.155,102.465,false,2026-03-12 12:37:52
90882-88130-KQ,E-D-1,4,12.15,48.6,false,2026-04-04 09:40:35
86447-02699-UT,L-D-1,6,12.95,77.7,true,2026-02-14 17:27:19
96836-09258-RI,L-D-2.5,1,29.785,29.785,true,2026-03-13 20:14:38
48582-05061-RY,A-L-0.2,4,3.885,15.54,true,2026-03-19 19:05:51
20236-64364-QL,E-L-2.5,4,34.155,136.62,true,2026-06-20 20:44:15
34419-18068-AG,L-M-0.5,2,8.73,17.46,false,2026-03-25 10:01:25
00852-54571-WP,E-L-2.5,2,34.155,68.31,true,2026-06-11 20:39:48
90392-73338-BC,L-M-0.2,4,4.365,17.46,false,2026-05-20 10:51:02
30585-48726-BK,L-M-1,3,14.55,43.65,false,2026-01-18 14:07:33
70451-38048-AH,E-M-1,2,13.75,27.5,false,2026-06-07 19:17:55
64439-27325-LG,E-D-0.2,5,3.645,18.225,true,2026-03-31 16:31:18
78661-52235-WG,A-M-2.5,2,25.875,51.75,true,2026-03-09 13:20:07
04666-71569-RI,L-D-1,1,12.95,12.95,true,2026-01-24 14:38:07
06062-66586-TK,A-M-1,3,11.25,33.75,true,2026-06-22 18:51:18
71845-97930-ME,R-M-2.5,3,22.885,68.655,true,2026-04-22 15:22:40
86779-84838-EJ,R-D-0.2,1,2.685,2.685,false,2026-06-16 15:26:31
43974-44760-QI,A-D-2.5,5,22.885,114.425,false,2026-04-19 20:55:06
89711-56688-GG,A-M-2.5,6,25.875,155.25,true,2026-03-26 16:25:25
39652-20484-RV,A-M-2.5,3,25.875,77.625,true,2026-05-06 11:35:05
74671-55639-TU,R-D-2.5,3,20.585,61.755,false,2026-01-07 17:52:04
76534-45229-SG,R-D-2.5,6,20.585,123.51,true,2026-02-28 15:54:20
03677-09134-BC,L-L-2.5,6,36.455,218.73,false,2026-03-06 11:55:30
98636-90072-YE,E-M-0.5,4,8.25,33,false,2026-05-16 17:01:24
86071-79238-CX,A-L-0.5,3,7.77,23.31,false,2026-06-11 12:47:35
63025-62939-AN,E-D-0.5,3,7.29,21.87,true,2026-01-15 12:04:56
68605-21835-UF,R-D-0.2,6,2.685,16.11,false,2026-03-16 17:10:13
34419-18068-AG,E-D-0.5,4,7.29,29.16,false,2026-02-03 15:20:41
67010-92988-CT,R-D-1,6,8.95,53.7,true,2026-05-27 19:42:07
99144-98314-GN,R-D-0.5,5,5.37,26.85,true,2026-05-04 19:37:56
57360-46846-NS,E-M-0.5,5,8.25,41.25,true,2026-04-14 20:07:21
17514-94165-RJ,A-M-0.5,6,6.75,40.5,false,2026-06-27 16:18:47
53971-49906-PZ,R-D-1,2,8.95,17.9,false,2026-02-10 13:56:09
54387-64897-XC,E-L-2.5,2,34.155,68.31,false,2026-01-11 20:04:31
60378-26473-FE,E-M-2.5,2,31.625,63.25,true,2026-03-30 19:45:33
82990-92703-IX,E-D-0.5,3,7.29,21.87,false,2026-04-02 10:50:30
19820-29285-FD,R-M-2.5,4,22.885,91.54,false,2026-03-25 19:34:35
09020-56774-GU,E-L-2.5,6,34.155,204.93,true,2026-03-12 10:33:13
08023-52962-ET,E-M-2.5,2,31.625,63.25,true,2026-04-07 20:00:10
35442-75769-PL,E-L-2.5,1,34.155,34.155,true,2026-02-18 10:33:17
14888-85625-TM,R-L-2.5,4,27.485,109.94,true,2026-04-22 14:32:34
69411-48470-ID,A-L-1,2,12.95,25.9,false,2026-04-15 16:39:44
23014-48364-QB,A-D-0.2,1,2.985,2.985,false,2026-05-14 13:18:52
66794-66795-VW,E-L-0.2,5,4.455,22.275,false,2026-01-23 11:52:05
67052-76184-CB,A-D-0.5,5,5.97,29.85,false,2026-03-05 09:49:37
91465-84526-IJ,R-D-0.5,6,5.37,32.22,false,2026-02-03 15:55:18
71468-76923-BU,E-M-0.2,2,4.125,8.25,false,2026-06-19 18:41:13
11932-85629-CU,A-L-0.5,4,7.77,31.08,false,2026-04-27 10:19:22
05501-86351-NX,E-D-0.5,5,7.29,36.45,true,2026-05-17 17:33:50
26333-67911-OL,R-M-2.5,3,22.885,68.655,false,2026-03-05 20:20:53
98573-41811-EQ,L-M-0.5,5,8.73,43.65,true,2026-02-03 18:52:44
58511-10548-ZU,E-L-0.2,1,4.455,4.455,true,2026-02-02 20:58:42
62682-27930-PD,L-M-1,3,14.55,43.65,true,2026-05-28 20:08:55
09595-95726-OV,L-M-2.5,1,33.465,33.465,true,2026-05-25 15:20:25
27723-45097-MH,L-D-0.2,5,3.885,19.425,true,2026-02-22 09:41:35
91190-84826-IQ,E-D-1,6,12.15,72.9,true,2026-06-29 19:43:14
48418-60841-CC,E-L-1,3,14.85,44.55,false,2026-04-23 15:38:30
31587-92570-HL,E-D-0.5,5,7.29,36.45,false,2026-02-19 10:20:46
72028-63343-SU,A-L-1,3,12.95,38.85,false,2026-03-05 13:07:35
41054-59693-XE,E-L-0.5,6,8.91,53.46,false,2026-06-07 19:23:11
87858-83734-RK,L-D-2.5,2,29.785,59.57,false,2026-02-22 18:49:52
64965-78386-MY,L-D-2.5,3,29.785,89.355,false,2026-04-14 14:01:29
44708-78241-DF,L-L-0.5,4,9.51,38.04,false,2026-05-10 20:07:05
88116-12604-TE,E-M-1,3,13.75,41.25,false,2026-02-09 16:50:41
62588-82624-II,L-L-0.5,6,9.51,57.06,false,2026-02-13 12:21:27
19821-05175-WZ,L-D-2.5,6,29.785,178.71,true,2026-03-09 18:51:29
95152-82155-VQ,L-L-0.2,1,4.755,4.755,false,2026-04-13 12:53:22
62483-50867-OM,E-M-1,6,13.75,82.5,false,2026-06-20 18:30:10
69761-61146-KD,R-D-0.2,3,2.685,8.055,true,2026-02-20 15:55:12
11263-86515-VU,A-M-1,2,11.25,22.5,false,2026-05-30 18:42:58
24155-79322-EQ,A-M-0.5,6,6.75,40.5,true,2026-04-13 16:07:16
26103-41504-IB,E-D-0.5,4,7.29,29.16,true,2026-06-21 12:30:07
48418-60841-CC,A-M-0.5,1,6.75,6.75,false,2026-01-14 12:28:29
93676-95250-XJ,L-D-1,4,12.95,51.8,true,2026-06-22 13:35:08
84132-22322-QT,E-L-0.5,6,8.91,53.46,false,2026-04-08 15:20:58
44799-09711-XW,E-D-0.2,4,3.645,14.58,true,2026-05-18 13:57:10
11212-69985-ZJ,R-D-2.5,1,20.585,20.585,false,2026-06-02 14:49:06
90882-88130-KQ,L-L-1,2,15.85,31.7,false,2026-04-29 13:23:42
25473-43727-BY,L-D-0.2,6,3.885,23.31,false,2026-02-15 18:08:49
86768-91598-FA,L-M-1,4,14.55,58.2,true,2026-02-21 19:38:08
09530-56210-WO,E-L-0.5,4,8.91,35.64,false,2026-05-09 10:42:21
84565-53984-SX,A-M-1,5,11.25,56.25,true,2026-02-22 09:07:56
90882-88130-KQ,R-L-0.2,3,3.585,10.755,false,2026-05-04 11:03:54
98921-82417-GN,R-M-0.2,5,2.985,14.925,false,2026-03-01 12:34:29
53386-94266-LJ,A-L-1,6,12.95,77.7,true,2026-04-21 14:44:53
12190-25421-WM,L-D-0.5,3,7.77,23.31,false,2026-05-31 18:18:16
08405-33165-BS,E-L-1,4,14.85,59.4,true,2026-04-04 09:43:57
33011-52383-BA,L-D-2.5,4,29.785,119.14,true,2026-02-24 17:21:13
13404-39127-WQ,R-L-0.2,4,3.585,14.34,false,2026-06-07 12:22:40
87242-18006-IR,A-M-2.5,5,25.875,129.375,false,2026-03-04 14:05:20
04540-43685-DV,R-D-0.2,6,2.685,16.11,true,2026-06-25 19:01:45
70451-38048-AH,R-L-0.2,5,3.585,17.925,false,2026-01-22 17:31:52
23243-92649-RY,L-M-0.2,2,4.365,8.73,false,2026-04-05 20:31:19
08523-01791-TI,A-M-2.5,2,25.875,51.75,false,2026-06-27 09:58:45
15958-25089-OS,L-M-0.2,2,4.365,8.73,true,2026-05-01 15:56:01
18275-73980-KL,L-L-0.2,5,4.755,23.775,false,2026-04-09 15:13:29
59572-41990-XY,E-M-0.2,5,4.125,20.625,false,2026-02-22 20:16:25
77043-48851-HG,L-L-2.5,1,36.455,36.455,false,2026-01-18 14:03:28
27226-53717-SY,L-L-2.5,5,36.455,182.275,false,2026-02-25 20:14:47
90816-65619-LM,L-D-2.5,3,29.785,89.355,false,2026-04-20 19:50:22
40180-22940-QB,R-L-0.2,1,3.585,3.585,true,2026-06-24 16:52:58
70089-27418-UJ,R-M-2.5,2,22.885,45.77,true,2026-05-20 09:41:18
19597-91185-CM,E-L-1,4,14.85,59.4,false,2026-05-07 20:47:40
71845-97930-ME,A-M-2.5,6,25.875,155.25,true,2026-06-11 18:22:59
81861-66046-SU,R-M-2.5,2,22.885,45.77,false,2026-02-03 20:31:12
07972-83748-JI,E-D-1,3,12.15,36.45,true,2026-03-31 20:37:16
87519-68847-ZG,E-D-0.5,4,7.29,29.16,true,2026-03-17 19:19:33
45899-92796-EI,L-M-2.5,4,33.465,133.86,false,2026-06-15 19:30:18
98476-63654-CG,L-L-0.2,5,4.755,23.775,true,2026-01-05 15:55:43
94525-76037-JP,L-D-1,3,12.95,38.85,false,2026-03-30 17:41:49
17670-51384-MA,R-L-0.2,6,3.585,21.51,true,2026-02-05 11:56:35
39789-43945-IV,A-D-1,1,9.95,9.95,true,2026-04-25 09:22:44
07095-81281-NJ,L-L-1,1,15.85,15.85,true,2026-06-19 12:45:00
88446-59251-SQ,R-M-0.2,1,2.985,2.985,true,2026-03-29 15:56:39
19821-05175-WZ,E-M-1,5,13.75,68.75,true,2026-06-24 19:33:55
34666-76738-SQ,A-D-1,3,9.95,29.85,false,2026-03-12 20:12:23
06953-94794-FB,L-M-1,4,14.55,58.2,false,2026-05-03 14:16:52
53667-91553-LT,R-L-0.5,4,7.17,28.68,false,2026-03-25 12:46:39
33284-98063-SE,R-L-0.5,3,7.17,21.51,false,2026-01-12 09:43:12
39528-19971-OR,L-M-0.5,2,8.73,17.46,true,2026-01-03 15:27:52
62425-26461-RK,E-D-2.5,1,27.945,27.945,true,2026-01-12 11:21:34
05503-73375-RU,E-D-2.5,5,27.945,139.725,false,2026-06-12 17:29:46
64845-00270-NO,R-M-0.2,2,2.985,5.97,false,2026-01-15 15:52:59
16809-16936-WF,R-L-2.5,1,27.485,27.485,true,2026-01-19 14:10:47
35256-12529-FT,R-L-1,5,11.95,59.75,true,2026-01-05 11:40:37
62762-19458-UY,E-M-1,3,13.75,41.25,false,2026-03-13 17:43:58
76263-95145-GJ,L-M-2.5,4,33.465,133.86,false,2026-03-23 19:35:12
72233-08665-IP,R-L-1,5,11.95,59.75,true,2026-05-09 17:36:32
76293-30918-DQ,A-D-0.5,1,5.97,5.97,true,2026-01-05 17:53:38
43452-18035-DH,E-D-1,2,12.15,24.3,false,2026-01-22 13:37:28
10142-55267-YO,E-D-0.2,6,3.645,21.87,true,2026-04-01 12:47:28
83543-79246-ON,A-D-1,2,9.95,19.9,true,2026-05-29 12:37:50
25331-13794-SB,A-D-0.2,2,2.985,5.97,false,2026-04-13 15:44:11
75716-12782-SS,E-D-0.5,1,7.29,7.29,true,2026-02-23 20:44:43
52316-30571-GD,A-D-0.2,4,2.985,11.94,true,2026-03-14 16:11:51
07756-71018-GU,R-L-1,6,11.95,71.7,true,2026-05-28 20:34:40
92204-96636-BS,A-L-0.2,2,3.885,7.77,false,2026-04-13 20:24:33
14797-35530-HY,A-M-2.5,1,25.875,25.875,false,2026-04-30 20:57:47
62588-82624-II,E-L-2.5,6,34.155,204.93,false,2026-03-04 20:03:46
67423-10113-LM,R-L-2.5,4,27.485,109.94,true,2026-06-21 13:21:40
29581-13303-VB,E-L-1,6,14.85,89.1,false,2026-02-08 09:37:09
03010-30348-UA,A-L-0.2,2,3.885,7.77,true,2026-04-11 17:52:24
54004-04664-AA,L-M-2.5,1,33.465,33.465,true,2026-03-29 16:57:34
10204-31464-SA,E-M-0.5,5,8.25,41.25,true,2026-03-29 18:30:28
08439-55669-AI,E-L-1,4,14.85,59.4,true,2026-05-13 17:55:40
49894-06550-OQ,A-L-0.5,1,7.77,7.77,false,2026-02-22 12:51:44
83731-53280-YC,R-D-0.5,1,5.37,5.37,true,2026-06-20 16:31:55
70879-00984-FJ,E-M-2.5,3,31.625,94.875,false,2026-01-08 17:59:44
13082-41034-PD,L-L-2.5,1,36.455,36.455,false,2026-03-10 16:09:11
06631-86965-XP,A-M-0.2,4,3.375,13.5,true,2026-01-26 15:15:16
61516-88984-DK,R-L-0.2,4,3.585,14.34,false,2026-02-20 10:27:11
86686-37462-CK,E-M-0.5,1,8.25,8.25,true,2026-01-06 14:06:03
73564-98204-EY,R-D-0.2,5,2.685,13.425,true,2026-03-16 14:10:57
64481-42546-II,A-D-1,5,9.95,49.75,false,2026-01-30 14:57:49
67285-75317-XI,E-M-0.5,2,8.25,16.5,false,2026-02-10 17:33:14
73342-18763-UW,A-D-0.5,3,5.97,17.91,false,2026-03-09 10:15:41
63411-51758-QC,A-D-0.5,5,5.97,29.85,false,2026-05-24 18:04:59
79825-17822-UH,E-L-1,3,14.85,44.55,false,2026-02-01 14:22:34
70290-38099-GB,E-M-1,2,13.75,27.5,false,2026-05-18 09:57:32
27064-10803-SB,R-M-0.5,6,5.97,35.82,true,2026-05-29 19:52:07
48203-23480-UB,R-D-0.5,3,5.37,16.11,true,2026-01-14 15:01:08
01932-87052-KO,E-L-0.2,6,4.455,26.73,true,2026-02-14 16:51:41
13654-85265-IL,E-L-2.5,6,34.155,204.93,true,2026-02-26 14:53:11
28728-47861-TZ,A-L-1,3,12.95,38.85,true,2026-01-05 20:14:25
83490-88357-LJ,L-D-0.2,4,3.885,15.54,true,2026-06-15 19:54:54
27493-46921-TZ,A-M-0.5,1,6.75,6.75,false,2026-04-23 18:00:23
46242-54946-ZW,E-D-2.5,4,27.945,111.78,true,2026-05-22 14:08:01
47723-84396-MT,A-L-0.2,1,3.885,3.885,true,2026-01-16 10:05:55
82990-92703-IX,L-M-0.2,5,4.365,21.825,false,2026-01-04 10:32:41
01811-60350-CU,R-M-0.2,5,2.985,14.925,false,2026-03-01 09:37:21
63349-66809-NF,A-M-1,3,11.25,33.75,true,2026-04-01 20:52:13
11212-69985-ZJ,A-M-1,3,11.25,33.75,false,2026-04-14 09:12:38
60378-26473-FE,L-M-0.2,6,4.365,26.19,true,2026-03-09 11:11:30
74671-55639-TU,E-L-1,1,14.85,14.85,false,2026-04-06 11:11:34
87519-68847-ZG,E-M-2.5,6,31.625,189.75,true,2026-03-24 16:05:35
38387-64959-WW,R-M-0.5,1,5.97,5.97,true,2026-06-28 12:34:05
63985-64148-MG,R-M-1,3,9.95,29.85,true,2026-05-21 11:47:59
25729-68859-UA,R-D-1,5,8.95,44.75,false,2026-03-22 18:20:15
22305-40299-CY,E-L-2.5,1,34.155,34.155,true,2026-06-07 13:31:47
57808-90533-UE,E-L-2.5,6,34.155,204.93,false,2026-01-21 20:02:32
73799-04749-BM,E-D-0.5,3,7.29,21.87,false,2026-03-15 11:43:13
44799-09711-XW,A-M-2.5,2,25.875,51.75,true,2026-04-16 12:45:40
77408-43873-RS,E-M-0.2,2,4.125,8.25,true,2026-01-17 16:26:35
04513-76520-QO,A-L-0.2,5,3.885,19.425,true,2026-02-28 13:22:20
59122-08794-WT,A-M-0.2,6,3.375,20.25,true,2026-05-02 09:58:26
86881-41559-OR,L-D-0.5,3,7.77,23.31,false,2026-03-19 16:36:02
31798-95707-NR,E-D-0.2,5,3.645,18.225,true,2026-05-16 18:12:11
92926-08470-YS,E-M-1,1,13.75,13.75,false,2026-03-15 10:01:57
71253-00052-RN,A-L-2.5,1,29.785,29.785,true,2026-06-18 11:46:11
64845-00270-NO,R-D-1,5,8.95,44.75,false,2026-02-21 10:33:08
37651-47492-NC,R-D-1,5,8.95,44.75,true,2026-06-23 19:06:33
14307-87663-KB,L-L-0.5,4,9.51,38.04,true,2026-03-29 12:50:49
28158-93383-CK,R-D-0.5,4,5.37,21.48,true,2026-06-16 12:52:04
98185-92775-KT,R-D-0.5,3,5.37,16.11,false,2026-06-26 15:35:41
52098-80103-FD,R-M-2.5,1,22.885,22.885,true,2026-06-27 12:40:03
28932-49296-TM,A-D-0.5,3,5.97,17.91,true,2026-02-09 16:41:55
53809-98498-SN,R-M-0.5,4,5.97,23.88,true,2026-01-03 13:54:10
54904-18397-UD,R-L-1,5,11.95,59.75,false,2026-04-27 12:16:43
45009-09239-IV,L-L-0.2,6,4.755,28.53,true,2026-03-15 12:04:12
57145-31023-FK,A-M-1,4,11.25,45,false,2026-06-17 18:02:07
57837-15577-YK,E-D-2.5,2,27.945,55.89,false,2026-06-05 10:59:04
15770-27099-GX,E-L-1,4,14.85,59.4,false,2026-04-03 13:29:07
17670-51384-MA,E-D-0.2,2,3.645,7.29,true,2026-01-30 13:14:58
71891-51101-VQ,E-D-0.5,1,7.29,7.29,true,2026-04-09 09:07:28
40946-22090-FP,E-L-0.5,2,8.91,17.82,false,2026-05-30 13:19:08
73017-69644-MS,L-D-0.5,5,7.77,38.85,false,2026-06-03 16:42:10
19383-33606-PW,R-D-0.5,6,5.37,32.22,false,2026-01-18 20:48:16
64439-27325-LG,R-M-1,2,9.95,19.9,true,2026-06-23 15:46:18
69411-48470-ID,R-L-1,5,11.95,59.75,false,2026-05-15 12:10:35
69207-93422-CQ,A-L-0.5,3,7.77,23.31,true,2026-03-12 18:15:01
18293-78136-MN,L-M-1,3,14.55,43.65,false,2026-04-28 18:16:21
90882-88130-KQ,E-L-2.5,6,34.155,204.93,false,2026-03-11 13:24:38
94525-76037-JP,R-L-0.2,4,3.585,14.34,false,2026-06-06 18:26:57
83537-35563-UF,A-D-0.5,4,5.97,23.88,false,2026-04-22 13:06:41
13082-41034-PD,A-M-1,2,11.25,22.5,false,2026-01-23 10:35:26
56991-05510-PR,E-D-0.5,5,7.29,36.45,false,2026-05-04 17:07:03
78012-56878-UB,A-M-0.5,4,6.75,27,true,2026-02-25 15:20:52
34419-18068-AG,A-M-2.5,6,25.875,155.25,false,2026-02-18 18:32:43
23941-30203-MO,A-D-2.5,5,22.885,114.425,true,2026-03-02 10:17:43
40414-26467-VE,L-D-1,4,12.95,51.8,true,2026-01-29 15:48:56
68894-91205-MP,A-M-2.5,6,25.875,155.25,false,2026-05-21 20:33:16
08946-56610-IH,A-L-2.5,1,29.785,29.785,false,2026-05-11 16:27:47
11932-85629-CU,R-L-0.2,6,3.585,21.51,false,2026-03-25 15:55:24
41899-00283-VK,R-D-2.5,2,20.585,41.17,false,2026-04-09 09:23:01
80310-92912-JA,R-M-0.5,1,5.97,5.97,false,2026-03-23 09:58:13
46963-10322-ZA,E-L-1,5,14.85,74.25,true,2026-04-06 10:40:13
04317-46176-TB,L-M-1,6,14.55,87.3,false,2026-06-06 10:50:33
08023-52962-ET,E-D-1,6,12.15,72.9,true,2026-01-20 10:03:08
29581-13303-VB,L-D-0.5,1,7.77,7.77,false,2026-05-22 10:42:15
23473-41001-CD,E-D-0.5,6,7.29,43.74,false,2026-04-03 13:29:46
46242-54946-ZW,L-M-0.2,2,4.365,8.73,true,2026-05-14 11:26:33
16982-35708-BZ,E-M-2.5,2,31.625,63.25,false,2026-06-10 17:20:23
27723-45097-MH,E-L-0.5,1,8.91,8.91,true,2026-05-03 11:01:56
06624-75300-AR,E-D-1,2,12.15,24.3,true,2026-03-02 15:47:56
64815-54078-HH,A-L-0.5,6,7.77,46.62,true,2026-05-10 10:58:02
19485-98072-PS,R-L-0.5,6,7.17,43.02,false,2026-02-11 16:38:38
44799-09711-XW,A-D-0.5,3,5.97,17.91,true,2026-01-20 18:52:51
44799-09711-XW,L-L-0.5,4,9.51,38.04,true,2026-06-30 17:12:36
01433-04270-AX,A-M-0.2,2,3.375,6.75,true,2026-01-10 18:07:38
77192-72145-RG,R-M-0.5,1,5.97,5.97,true,2026-06-14 12:25:28
83105-86631-IU,R-D-0.2,3,2.685,8.055,false,2026-02-13 16:01:43
13764-02913-LA,A-L-0.5,3,7.77,23.31,true,2026-06-11 09:29:25
68810-07329-EU,R-L-0.5,6,7.17,43.02,true,2026-04-20 15:30:57
34015-31593-JC,L-D-0.5,3,7.77,23.31,false,2026-05-27 10:50:03
58408-27638-IB,A-D-0.2,5,2.985,14.925,true,2026-03-18 11:10:31
19017-95853-EK,E-D-0.5,3,7.29,21.87,false,2026-01-03 11:17:23
34570-99384-AF,E-L-0.5,6,8.91,53.46,true,2026-04-18 18:24:21
15451-65859-BG,A-L-2.5,4,29.785,119.14,false,2026-05-31 15:52:16
57360-46846-NS,L-M-0.5,5,8.73,43.65,true,2026-01-14 09:19:29
14158-30713-OB,A-D-0.2,6,2.985,17.91,true,2026-06-20 12:29:06
10142-55267-YO,E-L-1,5,14.85,74.25,true,2026-02-13 20:45:11
39528-19971-OR,L-D-0.2,3,3.885,11.655,true,2026-02-27 12:25:23
54004-04664-AA,L-D-0.5,3,7.77,23.31,true,2026-06-03 19:41:44
82246-82543-DW,E-D-0.5,2,7.29,14.58,true,2026-01-06 09:29:34
23014-48364-QB,A-M-0.5,2,6.75,13.5,false,2026-01-29 14:03:39
90392-73338-BC,E-L-1,6,14.85,89.1,false,2026-01-07 09:16:02
49530-25460-RW,A-L-0.2,1,3.885,3.885,false,2026-02-12 11:42:47
15380-76513-PS,R-L-2.5,4,27.485,109.94,false,2026-01-25 10:48:31
16385-11286-NX,L-D-0.5,6,7.77,46.62,true,2026-02-26 19:10:24
86144-10144-CB,A-L-0.5,5,7.77,38.85,false,2026-01-17 10:37:01
86646-65810-TD,L-D-0.5,4,7.77,31.08,true,2026-03-06 11:11:29
55409-07759-YG,A-D-0.2,6,2.985,17.91,true,2026-01-26 15:24:05
11349-55147-SN,E-D-2.5,6,27.945,167.67,false,2026-01-28 09:29:16
25514-23938-IQ,L-L-1,4,15.85,63.4,false,2026-01-08 12:52:08
48689-81852-DT,L-M-0.2,2,4.365,8.73,true,2026-06-29 14:03:56
99735-44927-OL,R-D-1,3,8.95,26.85,true,2026-04-21 09:16:58
09171-42203-EB,L-L-0.2,2,4.755,9.51,false,2026-05-28 16:24:29
73017-69644-MS,A-D-1,4,9.95,39.8,false,2026-01-08 12:08:39
85589-17020-CX,E-M-0.5,3,8.25,24.75,true,2026-02-18 16:17:53
17649-28133-PY,E-M-1,5,13.75,68.75,true,2026-02-04 17:33:21
08934-65581-ZI,E-M-0.5,6,8.25,49.5,false,2026-04-03 18:15:03
52374-27313-IV,A-M-2.5,2,25.875,51.75,true,2026-06-29 09:00:57
91190-84826-IQ,L-L-1,3,15.85,47.55,true,2026-01-27 20:53:02
15064-65241-HB,A-L-0.2,4,3.885,15.54,false,2026-06-23 13:26:41
53086-67334-KT,L-M-1,6,14.55,87.3,true,2026-04-28 17:10:10
79216-73157-TE,A-M-1,5,11.25,56.25,true,2026-02-17 11:43:02
06757-96251-UH,L-L-2.5,1,36.455,36.455,true,2026-06-19 18:42:48
48464-99723-HK,R-L-0.2,3,3.585,10.755,true,2026-06-18 09:42:21
69171-65646-UC,R-M-0.2,3,2.985,8.955,false,2026-06-01 18:24:20
04521-04300-OK,A-L-0.5,3,7.77,23.31,true,2026-01-25 18:42:18
60121-12432-VU,A-L-2.5,1,29.785,29.785,true,2026-06-03 17:31:37
58916-61837-QH,A-L-2.5,5,29.785,148.925,true,2026-01-09 17:50:26
25544-84179-QC,L-M-0.5,1,8.73,8.73,true,2026-05-27 09:09:40
91509-62250-GN,L-D-0.5,4,7.77,31.08,false,2026-02-07 16:24:12
90882-88130-KQ,A-D-2.5,6,22.885,137.31,false,2026-02-02 19:27:17
12743-00952-KO,A-D-0.5,5,5.97,29.85,false,2026-06-09 17:25:26
15764-22559-ZT,R-M-0.5,3,5.97,17.91,false,2026-04-29 13:31:56
68412-11126-YJ,E-L-0.5,3,8.91,26.73,true,2026-04-24 16:02:17
94022-69223-DP,R-D-1,2,8.95,17.9,false,2026-02-04 10:42:22
69761-61146-KD,R-L-0.2,4,3.585,14.34,true,2026-03-12 10:55:56
50449-80974-BZ,A-M-2.5,3,25.875,77.625,true,2026-01-16 17:02:29
69410-04668-MA,R-L-1,5,11.95,59.75,false,2026-05-02 12:43:59
72028-63343-SU,A-L-1,6,12.95,77.7,false,2026-01-29 13:36:08
53386-94266-LJ,R-D-0.2,2,2.685,5.37,true,2026-01-16 09:05:00
53035-99701-WG,E-D-2.5,3,27.945,83.835,true,2026-05-04 20:49:16
31587-92570-HL,A-M-1,2,11.25,22.5,false,2026-03-19 14:48:58
68412-11126-YJ,L-M-2.5,6,33.465,200.79,true,2026-03-27 13:35:34
63787-96257-TQ,A-M-1,6,11.25,67.5,false,2026-06-06 18:35:35
92926-08470-YS,E-M-0.5,1,8.25,8.25,false,2026-05-11 12:05:16
27132-68907-RC,L-L-0.2,2,4.755,9.51,true,2026-02-04 10:34:12
39582-35773-ZJ,L-D-2.5,1,29.785,29.785,false,2026-05-22 13:04:30
94525-76037-JP,L-D-0.5,2,7.77,15.54,false,2026-02-04 18:21:08
93046-67561-AY,E-L-0.5,4,8.91,35.64,false,2026-05-25 15:43:33
15958-25089-OS,A-M-2.5,4,25.875,103.5,true,2026-04-14 15:42:16
04513-76520-QO,E-D-1,3,12.15,36.45,true,2026-02-03 13:09:29
01927-46702-YT,R-L-0.5,5,7.17,35.85,false,2026-06-07 17:19:29
96762-10814-DA,E-L-0.2,5,4.455,22.275,true,2026-03-13 20:40:29
91336-36621-RB,E-M-0.2,6,4.125,24.75,false,2026-05-12 11:10:05
11729-74102-XB,L-M-2.5,2,33.465,66.93,true,2026-01-08 17:51:27
83844-95908-RX,L-M-0.5,1,8.73,8.73,true,2026-04-15 14:08:21
40507-83899-MR,R-M-0.5,3,5.97,17.91,false,2026-06-17 11:23:13
03157-23165-UB,R-L-0.5,1,7.17,7.17,false,2026-06-18 11:21:54
16123-07017-TY,R-D-0.2,2,2.685,5.37,false,2026-03-22 13:46:16
98921-82417-GN,L-L-0.2,5,4.755,23.775,false,2026-02-11 12:16:57
10142-55267-YO,R-D-2.5,2,20.585,41.17,true,2026-04-04 18:54:15
92926-08470-YS,A-L-0.2,3,3.885,11.655,false,2026-06-06 20:10:32
01297-94364-XH,L-L-0.5,4,9.51,38.04,false,2026-06-22 12:06:00
52374-27313-IV,R-D-2.5,4,20.585,82.34,true,2026-03-10 17:56:05
21907-75962-VB,L-L-0.2,2,4.755,9.51,true,2026-03-29 19:42:35
28121-11641-UA,R-D-2.5,2,20.585,41.17,false,2026-04-03 16:11:25
73171-33001-FC,L-L-0.5,5,9.51,47.55,false,2026-05-28 15:20:31
06552-04430-AG,A-M-1,4,11.25,45,false,2026-05-29 13:03:12
96042-27290-EQ,L-L-0.2,5,4.755,23.775,false,2026-01-21 17:47:20
92227-49331-QR,R-D-0.5,3,5.37,16.11,true,2026-01-17 15:00:59
13321-57602-GK,R-D-0.2,4,2.685,10.74,true,2026-04-30 17:10:42
09020-56774-GU,A-D-1,5,9.95,49.75,true,2026-05-18 20:48:10
33000-22405-LO,E-M-1,2,13.75,27.5,false,2026-05-04 18:08:08
66708-26678-QK,L-D-2.5,4,29.785,119.14,false,2026-02-07 16:01:35
63499-24884-PP,R-D-2.5,1,20.585,20.585,true,2026-03-15 20:53:38
63349-66809-NF,A-D-0.2,3,2.985,8.955,true,2026-03-02 13:48:41
64395-74865-WF,A-D-0.5,1,5.97,5.97,false,2026-03-02 12:33:33
62923-29397-KX,E-M-1,3,13.75,41.25,true,2026-01-08 13:18:43
24891-77957-LU,E-L-0.2,5,4.455,22.275,true,2026-03-29 20:16:04
37238-52421-JJ,A-M-0.5,1,6.75,6.75,true,2026-05-15 10:38:06
67423-10113-LM,L-M-2.5,4,33.465,133.86,true,2026-04-18 20:45:39
73431-39823-UP,A-D-0.2,2,2.985,5.97,false,2026-05-07 10:45:19
51277-93873-RP,A-L-1,2,12.95,25.9,false,2026-02-10 20:44:04
04513-76520-QO,E-M-2.5,1,31.625,31.625,true,2026-04-22 13:46:22
14640-87215-BK,L-M-0.2,2,4.365,8.73,false,2026-03-10 16:08:18
23229-79220-TE,E-L-0.2,6,4.455,26.73,true,2026-01-15 17:33:10
46959-60474-LT,L-M-0.2,6,4.365,26.19,false,2026-02-25 17:42:58
64439-27325-LG,R-D-1,6,8.95,53.7,true,2026-04-22 19:00:28
79814-23626-JR,E-M-2.5,4,31.625,126.5,true,2026-01-12 19:34:32
40414-26467-VE,E-M-0.2,1,4.125,4.125,true,2026-02-15 11:17:46
25514-23938-IQ,R-L-1,2,11.95,23.9,false,2026-01-10 18:29:35
04739-85772-QT,E-D-2.5,5,27.945,139.725,true,2026-03-03 14:53:19
27064-10803-SB,L-D-2.5,2,29.785,59.57,true,2026-04-12 10:20:21
21240-83132-SP,L-L-0.5,6,9.51,57.06,false,2026-02-18 15:12:04
74126-88836-KA,R-L-0.2,6,3.585,21.51,true,2026-03-29 14:33:20
86447-02699-UT,L-M-0.5,6,8.73,52.38,true,2026-06-04 11:06:37
14797-35530-HY,E-D-1,6,12.15,72.9,false,2026-06-29 20:26:44
98573-41811-EQ,R-M-0.2,5,2.985,14.925,true,2026-06-13 17:08:13
60357-65386-RD,L-L-1,6,15.85,95.1,false,2026-06-27 16:22:22
59572-41990-XY,L-D-0.5,2,7.77,15.54,false,2026-05-18 17:25:45
90882-88130-KQ,L-D-0.2,6,3.885,23.31,false,2026-01-27 18:40:56
49860-68865-AB,E-M-0.2,1,4.125,4.125,true,2026-02-07 18:44:41
72164-90254-EJ,R-M-0.5,6,5.97,35.82,false,2026-06-14 16:27:30
77634-13918-GJ,L-L-1,2,15.85,31.7,false,2026-01-17 16:16:37
16809-16936-WF,L-L-1,5,15.85,79.25,true,2026-05-04 11:30:38
08523-01791-TI,E-D-0.2,3,3.645,10.935,false,2026-02-23 16:12:17
72282-40594-RX,A-D-1,4,9.95,39.8,false,2026-05-05 15:35:48
90940-63327-DJ,R-M-1,5,9.95,49.75,true,2026-01-15 18:39:45
40214-03678-GU,R-D-0.2,3,2.685,8.055,true,2026-04-27 11:29:49
68346-14810-UA,R-L-1,4,11.95,47.8,false,2026-04-17 10:22:03
18082-74419-QH,R-M-0.2,4,2.985,11.94,false,2026-05-09 10:10:40
21240-83132-SP,E-M-0.2,4,4.125,16.5,false,2026-06-15 19:57:50
66005-20240-MI,L-D-1,4,12.95,51.8,false,2026-05-14 19:52:36
28300-14355-GF,L-L-0.2,3,4.755,14.265,false,2026-05-11 13:14:42
47268-50127-XY,L-M-0.2,6,4.365,26.19,false,2026-05-29 20:14:54
62979-53167-ML,A-L-1,2,12.95,25.9,true,2026-06-04 14:24:12
74126-88836-KA,A-L-2.5,3,29.785,89.355,true,2026-01-23 15:34:59
70567-65133-CN,L-D-0.5,6,7.77,46.62,false,2026-01-09 11:57:46
33011-52383-BA,A-D-1,3,9.95,29.85,true,2026-04-16 15:18:25
74126-88836-KA,R-L-0.2,3,3.585,10.755,true,2026-04-16 20:14:27
27723-45097-MH,A-M-0.2,4,3.375,13.5,true,2026-01-04 16:55:14
86437-17399-FK,L-L-1,3,15.85,47.55,false,2026-06-01 12:18:46
75977-30364-AY,L-L-1,5,15.85,79.25,false,2026-01-31 12:04:06
59081-87231-VP,L-M-0.2,6,4.365,26.19,true,2026-03-30 14:17:57
72282-40594-RX,R-L-0.5,3,7.17,21.51,false,2026-06-07 10:11:56
45666-86771-EH,R-D-2.5,5,20.585,102.925,true,2026-01-07 18:17:45
01927-46702-YT,L-D-0.2,2,3.885,7.77,false,2026-01-05 16:43:40
77284-34297-YY,E-D-2.5,5,27.945,139.725,false,2026-06-29 09:34:43
76534-45229-SG,A-D-0.5,2,5.97,11.94,true,2026-06-11 12:32:35
76499-89100-JQ,L-D-0.2,1,3.885,3.885,false,2026-01-14 09:01:49
97741-98924-KT,R-M-1,4,9.95,39.8,false,2026-06-12 17:52:33
32900-82606-BO,R-M-0.5,5,5.97,29.85,false,2026-05-23 17:55:33
91895-55605-LS,L-D-2.5,1,29.785,29.785,false,2026-03-06 19:07:58
44708-78241-DF,L-L-2.5,2,36.455,72.91,false,2026-03-28 10:40:20
36769-16558-SX,R-D-0.2,5,2.685,13.425,true,2026-04-02 19:01:39
13736-92418-JS,E-M-2.5,4,31.625,126.5,true,2026-02-10 10:24:08
24825-51803-CQ,E-M-0.5,5,8.25,41.25,false,2026-04-24 16:48:56
01474-63436-TP,E-L-0.5,6,8.91,53.46,false,2026-01-18 09:36:59
45899-92796-EI,R-M-1,6,9.95,59.7,false,2026-02-17 16:38:11
53971-49906-PZ,R-M-1,6,9.95,59.7,false,2026-05-15 14:47:48
06953-94794-FB,R-D-1,5,8.95,44.75,false,2026-03-17 12:21:28
33555-01585-RP,E-M-0.5,2,8.25,16.5,true,2026-03-29 17:39:22
72778-50968-UQ,R-D-0.5,4,5.37,21.48,false,2026-06-13 09:55:09
68044-89277-ML,R-M-2.5,2,22.885,45.77,true,2026-03-18 14:45:07
20260-32948-EB,L-L-0.2,2,4.755,9.51,false,2026-04-11 20:57:39
84033-80762-EQ,R-D-0.2,3,2.685,8.055,true,2026-03-05 12:26:34
17816-67941-ZS,E-D-2.5,4,27.945,111.78,true,2026-03-23 15:57:06
38972-89678-ZM,R-D-0.2,4,2.685,10.74,true,2026-01-07 12:20:33
75986-98864-EZ,R-D-0.5,5,5.37,26.85,false,2026-06-08 10:06:04
76447-50326-IC,L-L-1,4,15.85,63.4,true,2026-06-16 12:53:13
76447-50326-IC,A-D-2.5,1,22.885,22.885,true,2026-05-21 13:10:58
05754-41702-FG,A-M-2.5,4,25.875,103.5,false,2026-06-19 09:25:40
44601-51441-BH,R-L-2.5,2,27.485,54.97,false,2026-06-08 20:01:32
73171-33001-FC,A-L-0.5,2,7.77,15.54,false,2026-01-27 13:30:03
29050-93691-TS,L-D-0.2,4,3.885,15.54,false,2026-04-10 20:16:33
21403-49423-PD,E-D-2.5,3,27.945,83.835,false,2026-05-23 12:05:47
34570-99384-AF,R-L-0.2,3,3.585,10.755,true,2026-04-10 16:04:58
83163-65741-IH,E-L-0.2,3,4.455,13.365,true,2026-04-16 16:26:37
34570-99384-AF,E-L-0.2,4,4.455,17.82,true,2026-02-16 09:45:57
02002-98725-CH,L-D-0.2,6,3.885,23.31,true,2026-06-02 12:22:35
53486-73919-BQ,E-D-0.2,2,3.645,7.29,false,2026-03-18 20:58:24
57976-33535-WK,E-L-0.2,4,4.455,17.82,true,2026-04-16 15:05:47
88973-59503-DR,E-M-1,5,13.75,68.75,false,2026-03-29 20:14:01
73564-98204-EY,R-L-2.5,2,27.485,54.97,true,2026-05-01 09:33:48
01297-94364-XH,E-M-1,6,13.75,82.5,false,2026-04-22 18:48:25
58408-27638-IB,L-M-0.2,2,4.365,8.73,true,2026-02-01 11:02:59
10074-20104-NN,E-L-1,4,14.85,59.4,true,2026-05-11 14:03:26
85425-33494-HQ,L-D-0.2,4,3.885,15.54,true,2026-05-08 09:50:19
16046-34805-ZF,A-L-1,3,12.95,38.85,true,2026-03-04 14:21:43
64815-54078-HH,E-M-2.5,6,31.625,189.75,true,2026-06-02 20:47:43
73284-01385-SJ,A-D-0.2,6,2.985,17.91,true,2026-06-18 09:35:09
66776-88682-RG,L-L-0.2,6,4.755,28.53,false,2026-06-18 16:24:56
13441-34686-SW,E-M-1,6,13.75,82.5,false,2026-02-08 10:08:00
11349-55147-SN,R-L-0.5,2,7.17,14.34,false,2026-05-14 19:20:41
39396-12890-PE,R-D-2.5,4,20.585,82.34,false,2026-06-30 13:59:45
59367-30821-ZQ,A-M-0.2,6,3.375,20.25,true,2026-01-04 18:43:58
14797-35530-HY,R-L-2.5,6,27.485,164.91,false,2026-02-15 16:38:27
95351-96177-QV,L-L-0.2,4,4.755,19.02,true,2026-06-13 18:22:13
42466-87067-DT,A-D-2.5,6,22.885,137.31,false,2026-05-19 14:08:44
06623-54610-HC,A-M-0.5,4,6.75,27,false,2026-04-11 20:17:21
77634-13918-GJ,E-L-0.5,4,8.91,35.64,false,2026-02-16 10:13:01
36078-91009-WU,A-D-0.2,2,2.985,5.97,true,2026-05-18 17:46:18
08360-19442-GB,A-M-1,6,11.25,67.5,false,2026-05-19 16:22:42
44981-99666-XB,R-L-0.2,6,3.585,21.51,true,2026-04-08 10:32:31
79825-17822-UH,L-M-2.5,2,33.465,66.93,false,2026-06-10 15:10:12
22721-63196-UJ,A-D-0.2,6,2.985,17.91,false,2026-02-20 18:43:27
89074-09459-KV,L-M-1,4,14.55,58.2,false,2026-02-09 19:18:37
15064-65241-HB,E-L-0.2,3,4.455,13.365,false,2026-03-05 13:27:36
99562-88650-YF,A-M-0.5,5,6.75,33.75,false,2026-01-13 20:33:57
04921-85445-SL,E-L-1,3,14.85,44.55,true,2026-02-23 13:39:50
71034-49694-CS,E-L-0.5,5,8.91,44.55,true,2026-02-06 18:37:50
53729-30320-XZ,E-D-1,5,12.15,60.75,false,2026-01-10 11:22:49
14204-14186-LA,R-L-0.2,1,3.585,3.585,true,2026-05-25 13:23:07
86437-17399-FK,R-L-0.2,6,3.585,21.51,false,2026-06-16 09:58:43
62682-27930-PD,E-M-0.5,2,8.25,16.5,true,2026-04-04 20:04:59
86144-10144-CB,R-L-2.5,3,27.485,82.455,false,2026-02-24 19:58:14
01932-87052-KO,L-D-0.5,1,7.77,7.77,true,2026-06-11 19:50:40
95351-96177-QV,R-M-0.5,2,5.97,11.94,true,2026-05-12 18:55:18
83308-82257-UN,E-L-2.5,6,34.155,204.93,false,2026-02-22 11:24:07
13321-57602-GK,E-M-2.5,2,31.625,63.25,true,2026-06-04 16:09:17
11664-43119-GV,R-D-0.2,3,2.685,8.055,true,2026-04-11 16:18:07
83537-35563-UF,A-M-2.5,2,25.875,51.75,false,2026-06-26 14:46:22
97855-54761-IS,E-D-2.5,1,27.945,27.945,true,2026-01-26 11:31:56
86110-83695-YS,A-L-2.5,2,29.785,59.57,false,2026-04-18 13:41:08
03396-68805-ZC,E-L-1,1,14.85,14.85,false,2026-02-21 15:22:52
32058-76765-ZL,A-M-0.5,5,6.75,33.75,false,2026-05-10 18:38:09
83543-79246-ON,L-L-2.5,4,36.455,145.82,true,2026-01-24 10:57:59
85425-33494-HQ,R-M-0.2,4,2.985,11.94,true,2026-05-15 14:25:13
10204-31464-SA,A-D-0.2,4,2.985,11.94,true,2026-01-09 15:44:40
35099-13971-JI,L-D-0.5,1,7.77,7.77,false,2026-06-19 13:46:21
64328-37891-JA,R-L-2.5,4,27.485,109.94,true,2026-05-06 14:29:54
89422-58281-FD,E-L-0.2,5,4.455,22.275,true,2026-04-21 20:32:48
28121-11641-UA,R-M-0.2,3,2.985,8.955,false,2026-02-08 13:21:26
00886-35803-FG,L-D-2.5,4,29.785,119.14,false,2026-06-15 12:47:17
04739-85772-QT,A-L-2.5,5,29.785,148.925,true,2026-01-24 15:18:58
59771-90302-OF,L-L-2.5,3,36.455,109.365,true,2026-01-16 19:23:52
99869-55718-UU,E-D-0.2,1,3.645,3.645,true,2026-01-20 17:24:32
10138-31681-SD,E-D-2.5,2,27.945,55.89,false,2026-05-31 16:05:16
34317-87258-HQ,L-M-0.2,6,4.365,26.19,true,2026-05-30 15:50:52
29851-36402-UX,R-M-1,4,9.95,39.8,false,2026-01-11 16:01:05
61021-27840-ZN,E-L-2.5,2,34.155,68.31,false,2026-05-21 15:22:06
39582-35773-ZJ,A-M-0.2,4,3.375,13.5,false,2026-05-25 20:50:07
01474-63436-TP,R-M-0.5,1,5.97,5.97,false,2026-02-07 15:00:05
26314-66792-VP,R-M-0.5,5,5.97,29.85,true,2026-05-22 17:45:55
77828-66867-KH,L-L-2.5,2,36.455,72.91,true,2026-01-30 12:19:27
71468-76923-BU,E-M-2.5,4,31.625,126.5,false,2026-05-21 17:43:01
63787-96257-TQ,L-M-2.5,1,33.465,33.465,false,2026-02-17 14:29:07
17088-16989-PL,E-D-1,6,12.15,72.9,true,2026-06-13 10:09:29
95424-67020-AP,L-D-0.5,2,7.77,15.54,true,2026-06-30 09:10:07
14756-18321-CL,A-M-0.2,6,3.375,20.25,false,2026-02-18 18:18:40
63411-51758-QC,A-L-1,6,12.95,77.7,false,2026-02-23 12:18:44
32031-49093-KE,L-M-2.5,4,33.465,133.86,false,2026-02-17 18:05:13
16880-78077-FB,E-D-1,1,12.15,12.15,false,2026-03-23 19:10:23
00445-42781-KX,E-M-2.5,2,31.625,63.25,true,2026-05-06 14:10:23
94573-61802-PH,R-L-0.5,5,7.17,35.85,false,2026-03-01 10:48:42
37997-75562-PI,A-M-2.5,3,25.875,77.625,false,2026-04-24 14:44:55
93676-95250-XJ,E-M-2.5,2,31.625,63.25,true,2026-04-01 13:12:10
93047-98331-DD,E-L-0.2,6,4.455,26.73,true,2026-04-23 10:57:21
07591-92789-UA,L-D-0.5,4,7.77,31.08,true,2026-04-30 16:29:27
75156-80911-YT,A-D-0.2,1,2.985,2.985,true,2026-05-17 17:31:53
77746-08153-PM,R-D-2.5,5,20.585,102.925,true,2026-04-16 11:13:37
90767-92589-LV,E-L-0.5,4,8.91,35.64,false,2026-01-28 19:14:31
48854-01899-FN,R-L-1,4,11.95,47.8,false,2026-05-16 13:16:54
73017-69644-MS,L-M-1,3,14.55,43.65,false,2026-04-19 16:49:22
58638-01029-CB,E-L-0.5,4,8.91,35.64,true,2026-05-25 17:50:58
72233-08665-IP,L-L-1,6,15.85,95.1,true,2026-04-18 18:44:48
08847-29858-HN,E-M-2.5,1,31.625,31.625,true,2026-02-24 12:24:04
45190-08727-NV,A-M-2.5,3,25.875,77.625,true,2026-02-22 14:58:21
33555-01585-RP,L-D-0.2,1,3.885,3.885,true,2026-02-19 09:29:20
75961-20170-RD,R-L-2.5,5,27.485,137.425,false,2026-04-08 13:20:21
40226-52317-IO,R-L-1,3,11.95,35.85,true,2026-05-26 13:12:54
24155-79322-EQ,E-M-0.2,2,4.125,8.25,true,2026-03-14 09:07:59
84405-83364-DG,E-L-2.5,3,34.155,102.465,true,2026-04-28 12:34:35
46818-20198-GB,R-D-2.5,2,20.585,41.17,false,2026-02-10 19:58:41
86783-78048-GC,A-D-2.5,3,22.885,68.655,true,2026-05-31 17:52:28
20259-47723-AC,A-D-1,1,9.95,9.95,true,2026-03-20 13:29:07
89292-52335-YZ,L-L-0.5,3,9.51,28.53,true,2026-02-17 15:42:31
70624-19112-AO,R-D-0.2,6,2.685,16.11,false,2026-02-05 10:18:46
76005-95461-CI,L-L-1,6,15.85,95.1,false,2026-01-23 13:52:41
39011-18412-GR,R-D-0.5,1,5.37,5.37,true,2026-01-02 10:06:02
25181-97933-UX,R-L-1,4,11.95,47.8,false,2026-02-14 09:30:18
40535-56770-UM,L-L-1,4,15.85,63.4,false,2026-04-25 16:06:34
27878-42224-QF,A-M-2.5,4,25.875,103.5,false,2026-04-12 18:45:30
34786-30419-XY,A-D-2.5,3,22.885,68.655,false,2026-02-02 11:37:52
63025-62939-AN,R-M-2.5,2,22.885,45.77,true,2026-01-11 10:30:54
45089-52817-WN,L-D-1,4,12.95,51.8,false,2026-06-11 16:26:01
06624-75300-AR,A-M-0.5,2,6.75,13.5,true,2026-01-16 13:41:42
38903-46478-ZE,E-M-0.5,3,8.25,24.75,true,2026-06-13 11:45:14
45009-09239-IV,A-D-2.5,2,22.885,45.77,true,2026-05-23 10:42:36
07476-13102-NJ,E-L-0.5,6,8.91,53.46,false,2026-02-06 14:24:52
78050-20355-DI,A-M-0.2,6,3.375,20.25,true,2026-01-25 17:14:20
24825-51803-CQ,L-D-2.5,5,29.785,148.925,false,2026-05-29 09:42:15
37177-68797-ON,A-M-1,6,11.25,67.5,false,2026-02-24 11:37:35
92926-08470-YS,E-D-1,6,12.15,72.9,false,2026-04-10 17:53:57
94091-86957-HX,L-D-0.2,2,3.885,7.77,false,2026-01-16 11:09:55
48873-84433-PN,A-D-2.5,4,22.885,91.54,false,2026-03-09 19:22:15
90312-11148-LA,A-D-1,6,9.95,59.7,false,2026-01-06 14:21:07
16046-34805-ZF,R-L-2.5,5,27.485,137.425,true,2026-01-21 18:10:07
64845-00270-NO,L-M-2.5,2,33.465,66.93,false,2026-05-11 18:41:49
37445-17791-NQ,L-M-0.2,3,4.365,13.095,true,2026-03-23 19:03:40
64395-74865-WF,R-L-1,5,11.95,59.75,false,2026-01-22 09:03:12
49315-21985-BB,L-M-0.5,5,8.73,43.65,true,2026-06-04 17:28:57
93812-74772-MV,E-M-1,6,13.75,82.5,true,2026-06-03 18:48:07
27517-43747-YD,A-L-2.5,6,29.785,178.71,true,2026-02-21 19:26:23
24891-77957-LU,L-D-2.5,4,29.785,119.14,true,2026-04-29 20:35:17
62494-09113-RP,L-L-0.5,5,9.51,47.55,false,2026-02-28 20:45:34
57837-15577-YK,L-M-0.5,5,8.73,43.65,false,2026-02-07 15:40:53
67388-17544-XX,A-L-2.5,6,29.785,178.71,true,2026-06-23 15:43:03
47011-57815-HJ,R-L-2.5,1,27.485,27.485,false,2026-02-10 15:53:25
88574-37083-WX,A-M-1,5,11.25,56.25,false,2026-02-22 13:04:25
04739-85772-QT,L-L-0.2,2,4.755,9.51,true,2026-02-17 14:14:30
58916-61837-QH,E-M-0.2,2,4.125,8.25,true,2026-01-24 19:33:34
64435-53100-WM,L-D-0.5,6,7.77,46.62,false,2026-05-16 09:20:12
35058-04550-VC,R-L-1,6,11.95,71.7,false,2026-04-17 16:41:11
88420-46464-XE,L-L-2.5,2,36.455,72.91,true,2026-02-19 10:41:21
44981-99666-XB,R-D-0.2,3,2.685,8.055,true,2026-04-03 20:43:26
30381-64762-NG,E-M-0.5,2,8.25,16.5,false,2026-05-05 13:21:42
87726-16941-QW,A-L-1,5,12.95,64.75,false,2026-03-02 10:32:37
87242-18006-IR,A-M-0.5,5,6.75,33.75,false,2026-05-31 10:20:34
24825-51803-CQ,L-D-2.5,6,29.785,178.71,false,2026-02-08 14:48:43
24040-20817-QB,A-M-1,2,11.25,22.5,false,2026-06-18 17:10:22
28699-16256-XV,L-D-1,1,12.95,12.95,false,2026-01-16 10:28:16
37445-17791-NQ,A-M-2.5,2,25.875,51.75,true,2026-06-04 13:44:38
29588-35679-RG,E-D-0.5,5,7.29,36.45,false,2026-04-30 14:42:42
37445-17791-NQ,L-L-2.5,5,36.455,182.275,true,2026-03-30 15:39:56
69171-65646-UC,L-D-0.5,4,7.77,31.08,false,2026-04-08 10:43:49
23187-65750-HZ,A-M-0.5,3,6.75,20.25,false,2026-04-04 10:21:33
86071-79238-CX,L-D-1,2,12.95,25.9,false,2026-04-15 17:11:39
83844-95908-RX,A-D-0.5,4,5.97,23.88,true,2026-06-08 20:41:39
91895-55605-LS,L-L-0.5,2,9.51,19.02,false,2026-06-23 18:49:49
45190-08727-NV,A-D-0.5,5,5.97,29.85,true,2026-02-11 16:45:39
06631-86965-XP,A-L-0.5,1,7.77,7.77,true,2026-04-18 15:09:41
61253-98356-VD,L-D-2.5,4,29.785,119.14,true,2026-03-24 13:10:06
01841-48191-NL,E-D-0.2,6,3.645,21.87,true,2026-02-22 19:05:38
11349-55147-SN,E-L-0.5,2,8.91,17.82,false,2026-02-10 18:57:36
17775-77072-PP,E-M-0.2,3,4.125,12.375,false,2026-05-12 10:20:12
66708-26678-QK,L-D-1,2,12.95,25.9,false,2026-03-07 18:41:02
76209-39601-ZR,A-M-0.5,2,6.75,13.5,true,2026-03-15 15:58:24
41505-42181-EF,E-L-0.5,2,8.91,17.82,true,2026-03-05 09:06:03
91509-62250-GN,E-M-0.5,3,8.25,24.75,false,2026-01-05 13:16:04
44086-16292-EU,R-M-0.2,6,2.985,17.91,false,2026-03-08 10:19:43
92926-08470-YS,E-M-0.5,2,8.25,16.5,false,2026-01-28 17:38:47
62588-82624-II,R-M-0.2,1,2.985,2.985,false,2026-04-19 13:24:10
21617-79890-DD,E-D-0.2,4,3.645,14.58,true,2026-03-25 15:55:03
59572-41990-XY,E-L-1,6,14.85,89.1,false,2026-05-23 16:47:05
24825-51803-CQ,R-L-1,3,11.95,35.85,false,2026-02-16 19:17:29
18293-78136-MN,A-D-2.5,3,22.885,68.655,false,2026-01-29 13:42:25
84260-39432-ML,L-D-1,3,12.95,38.85,false,2026-02-16 12:25:07
53751-57560-CN,L-L-1,5,15.85,79.25,true,2026-01-16 15:53:13
94058-95794-IJ,E-D-0.5,5,7.29,36.45,true,2026-05-01 15:06:18
88446-59251-SQ,R-M-0.2,3,2.985,8.955,true,2026-01-20 18:49:17
34704-83143-KS,E-D-1,2,12.15,24.3,false,2026-02-15 16:53:19
46818-20198-GB,E-M-2.5,2,31.625,63.25,false,2026-05-30 14:09:08
29060-75856-UI,A-M-0.2,2,3.375,6.75,true,2026-05-22 17:31:03
94091-86957-HX,A-L-0.2,6,3.885,23.31,false,2026-05-08 20:56:30
66508-21373-OQ,L-L-2.5,4,36.455,145.82,false,2026-03-02 19:22:50
61437-83623-PZ,R-M-0.5,5,5.97,29.85,true,2026-06-22 16:12:09
82718-93677-XO,E-D-0.5,3,7.29,21.87,true,2026-03-23 10:25:57
48314-32864-VI,L-M-0.2,1,4.365,4.365,false,2026-03-31 19:28:53
60255-12579-PZ,L-L-2.5,1,36.455,36.455,false,2026-06-15 10:03:06
62246-99443-HF,L-D-0.2,4,3.885,15.54,true,2026-06-10 17:33:53
29808-89098-XD,E-L-0.2,2,4.455,8.91,false,2026-01-10 15:55:05
77154-45038-IH,L-M-2.5,3,33.465,100.395,true,2026-04-15 19:26:27
89208-74646-UK,R-D-0.2,5,2.685,13.425,false,2026-06-22 20:38:46
15673-18812-IU,E-D-0.2,6,3.645,21.87,false,2026-04-11 10:28:31
02536-18494-AQ,L-D-1,2,12.95,25.9,true,2026-03-31 18:18:22
61323-91967-GG,A-M-1,5,11.25,56.25,false,2026-03-03 15:10:53
62483-50867-OM,R-L-0.2,3,3.585,10.755,false,2026-02-15 15:36:00
84466-22864-CE,E-D-0.2,5,3.645,18.225,false,2026-06-05 14:56:58
68894-91205-MP,R-L-0.5,4,7.17,28.68,false,2026-06-11 11:02:54
78226-97287-JI,L-M-0.2,2,4.365,8.73,false,2026-04-16 18:00:18
56248-75861-JX,L-M-1,4,14.55,58.2,false,2026-06-07 18:30:19
55232-81621-BX,A-D-0.5,3,5.97,17.91,false,2026-02-27 13:40:54
46885-00260-TL,R-M-0.2,6,2.985,17.91,true,2026-06-14 15:40:12
06279-72603-JE,E-D-0.5,2,7.29,14.58,false,2026-06-20 10:37:03
92793-68332-NR,A-M-1,3,11.25,33.75,false,2026-05-24 11:33:49
94058-95794-IJ,L-M-0.5,4,8.73,34.92,true,2026-04-30 15:57:53
23446-47798-ID,E-D-0.5,2,7.29,14.58,false,2026-04-23 13:41:49
10940-42739-ET,R-D-0.2,2,2.685,5.37,true,2026-05-19 17:05:27
53751-57560-CN,R-M-0.5,1,5.97,5.97,true,2026-01-15 20:29:33
16982-35708-BZ,L-L-0.5,2,9.51,19.02,false,2026-03-27 18:43:54
37445-17791-NQ,E-M-1,2,13.75,27.5,true,2026-01-29 15:59:24
73171-33001-FC,A-D-0.5,5,5.97,29.85,false,2026-04-01 15:41:42
66408-53777-VE,A-D-0.2,6,2.985,17.91,false,2026-04-05 14:13:35
32622-54551-UC,L-L-0.2,6,4.755,28.53,false,2026-03-05 19:48:32
48497-29281-FE,R-D-1,4,8.95,35.8,true,2026-02-16 20:58:26
59122-08794-WT,A-D-0.5,3,5.97,17.91,true,2026-06-27 17:54:46
72282-40594-RX,R-D-1,1,8.95,8.95,false,2026-04-01 10:38:27
32948-34398-HC,L-D-2.5,1,29.785,29.785,true,2026-06-02 12:08:30
62483-50867-OM,E-L-0.5,5,8.91,44.55,false,2026-02-17 11:12:57
36078-91009-WU,E-L-1,6,14.85,89.1,true,2026-06-24 13:47:38
72778-50968-UQ,L-M-0.5,5,8.73,43.65,false,2026-01-06 14:00:56
44086-16292-EU,A-L-0.5,3,7.77,23.31,false,2026-03-02 12:21:53
48497-29281-FE,A-L-2.5,6,29.785,178.71,true,2026-01-21 18:07:11
37445-17791-NQ,R-M-1,6,9.95,59.7,true,2026-06-11 19:18:33
87519-68847-ZG,A-L-0.5,2,7.77,15.54,true,2026-05-23 11:13:44
44699-43836-UH,A-L-2.5,3,29.785,89.355,false,2026-03-16 20:13:14
77343-52608-FF,R-L-1,2,11.95,23.9,false,2026-05-07 18:17:38
21240-83132-SP,R-M-2.5,6,22.885,137.31,false,2026-04-18 12:27:44
90961-35603-RP,A-D-1,1,9.95,9.95,false,2026-02-22 18:05:19
94525-76037-JP,R-L-0.5,3,7.17,21.51,false,2026-06-06 14:39:25
31582-23562-FM,E-M-1,6,13.75,82.5,false,2026-02-07 09:29:21
66580-33745-OQ,L-M-0.2,2,4.365,8.73,false,2026-06-08 18:31:20
66044-25298-TA,R-M-1,2,9.95,19.9,true,2026-02-12 20:00:49
67938-81768-NX,E-L-0.5,2,8.91,17.82,true,2026-01-15 14:49:06
43014-53743-XK,A-M-0.5,3,6.75,20.25,false,2026-04-10 15:01:57
59361-00606-CU,A-L-2.5,2,29.785,59.57,false,2026-03-16 19:46:31
25504-41681-WA,L-L-0.5,2,9.51,19.02,true,2026-06-30 09:53:38
17503-27693-ZH,L-D-1,6,12.95,77.7,true,2026-05-22 17:52:06
37490-01572-JW,E-M-1,3,13.75,41.25,false,2026-02-15 11:38:54
28327-84469-ND,L-L-2.5,4,36.455,145.82,false,2026-03-22 18:10:35
97152-03355-IW,E-L-0.2,6,4.455,26.73,false,2026-04-09 14:53:14
23039-93032-FN,L-M-0.5,5,8.73,43.65,true,2026-01-21 09:53:02
40172-12000-AU,L-L-1,2,15.85,31.7,false,2026-04-16 09:32:51
29851-36402-UX,A-D-2.5,1,22.885,22.885,false,2026-01-09 17:43:57
59971-35626-YJ,E-D-2.5,1,27.945,27.945,true,2026-04-09 15:39:00
14204-14186-LA,E-M-1,6,13.75,82.5,true,2026-06-25 15:02:46
50449-80974-BZ,R-M-2.5,2,22.885,45.77,true,2026-02-27 14:54:01
98185-92775-KT,A-L-1,6,12.95,77.7,false,2026-02-04 20:51:31
49888-39458-PF,A-L-0.5,3,7.77,23.31,false,2026-04-09 15:27:26
89574-96203-EP,L-L-0.2,5,4.755,23.775,true,2026-01-09 11:21:59
49412-86877-VY,L-M-0.5,6,8.73,52.38,true,2026-05-04 13:54:14
66794-66795-VW,R-L-0.2,5,3.585,17.925,false,2026-02-26 12:23:35
16358-63919-CE,A-L-2.5,5,29.785,148.925,false,2026-05-20 15:11:00
21240-83132-SP,R-L-0.5,4,7.17,28.68,false,2026-06-20 16:27:58
84045-66771-SL,L-L-0.5,1,9.51,9.51,false,2026-06-29 19:15:09
64845-00270-NO,A-L-0.5,4,7.77,31.08,false,2026-01-07 09:50:37
53864-36201-FG,R-D-0.2,3,2.685,8.055,true,2026-02-26 10:12:33
93417-12322-YB,E-D-1,3,12.15,36.45,true,2026-06-18 17:35:11
90123-01967-KS,R-D-0.2,6,2.685,16.11,false,2026-06-17 18:37:16
07972-83748-JI,R-D-2.5,2,20.585,41.17,true,2026-02-07 11:14:51
39457-62611-YK,R-D-0.2,4,2.685,10.74,false,2026-06-07 13:12:20
14298-02150-KH,E-M-2.5,4,31.625,126.5,false,2026-06-20 20:56:05
91950-91273-JT,R-L-1,2,11.95,23.9,false,2026-04-07 19:54:37
06623-54610-HC,R-M-0.5,1,5.97,5.97,false,2026-04-15 15:02:06
09020-56774-GU,L-D-0.2,2,3.885,7.77,true,2026-06-09 18:31:31
73171-33001-FC,L-D-0.5,3,7.77,23.31,false,2026-02-05 17:33:12
87726-16941-QW,R-L-2.5,5,27.485,137.425,false,2026-02-01 11:56:54
21889-94615-WT,R-D-0.2,3,2.685,8.055,true,2026-01-16 10:36:01
53486-73919-BQ,L-L-0.5,3,9.51,28.53,false,2026-02-02 18:59:24
53893-01719-CL,A-M-1,6,11.25,67.5,true,2026-02-24 09:49:54
63499-24884-PP,L-D-2.5,6,29.785,178.71,true,2026-01-20 14:05:10
32948-34398-HC,E-M-2.5,1,31.625,31.625,true,2026-05-14 17:16:03
13082-41034-PD,E-L-0.2,2,4.455,8.91,false,2026-04-04 19:48:22
40172-12000-AU,R-M-0.5,6,5.97,35.82,false,2026-02-04 11:37:14
12607-75113-UV,L-L-0.5,4,9.51,38.04,false,2026-04-12 14:44:02
98661-69719-VI,L-D-0.5,2,7.77,15.54,false,2026-01-12 17:53:24
64435-53100-WM,L-L-1,5,15.85,79.25,false,2026-03-01 19:19:18
94278-27169-QC,L-L-0.2,1,4.755,4.755,true,2026-02-28 12:58:32
39019-13649-CL,E-M-1,4,13.75,55,true,2026-03-26 12:47:23
46168-23489-RD,R-D-0.5,5,5.37,26.85,false,2026-05-16 19:21:46
51114-51191-EW,E-L-2.5,4,34.155,136.62,false,2026-06-19 14:15:01
20259-47723-AC,L-L-1,3,15.85,47.55,true,2026-05-15 11:23:05
90985-89807-RW,A-M-0.2,5,3.375,16.875,true,2026-04-30 12:53:54
99869-55718-UU,A-D-1,3,9.95,29.85,true,2026-06-12 09:49:31
13321-57602-GK,E-M-0.5,5,8.25,41.25,true,2026-01-04 18:33:09
18366-65239-WF,E-M-0.2,5,4.125,20.625,false,2026-04-07 10:06:58
75419-92838-TI,A-D-2.5,6,22.885,137.31,true,2026-04-01 10:40:31
01297-94364-XH,A-D-0.2,1,2.985,2.985,false,2026-01-15 14:22:30
41252-45992-VS,E-M-1,2,13.75,27.5,false,2026-04-22 12:01:50
77043-48851-HG,A-D-0.2,2,2.985,5.97,false,2026-03-28 16:34:36
77657-61366-FY,R-M-1,6,9.95,59.7,false,2026-05-11 13:19:27
49860-68865-AB,R-D-2.5,4,20.585,82.34,true,2026-06-20 13:50:24
67285-75317-XI,A-D-2.5,1,22.885,22.885,false,2026-05-13 14:28:03
15395-90855-VB,E-L-0.5,1,8.91,8.91,true,2026-03-11 12:45:27
41899-00283-VK,A-D-0.2,4,2.985,11.94,false,2026-06-16 18:01:10
72778-50968-UQ,L-M-2.5,3,33.465,100.395,false,2026-05-01 19:22:24
88992-49081-AT,A-D-2.5,5,22.885,114.425,false,2026-01-15 14:14:55
72463-75685-MV,E-M-0.5,5,8.25,41.25,false,2026-01-25 17:00:43
48582-05061-RY,R-L-0.5,4,7.17,28.68,true,2026-05-04 15:26:16
72072-33025-SD,L-M-0.2,1,4.365,4.365,false,2026-01-06 11:17:59
40180-22940-QB,E-M-0.2,2,4.125,8.25,true,2026-01-01 10:26:49
21134-81676-FR,E-M-0.2,2,4.125,8.25,true,2026-02-06 18:11:43
36021-61205-DF,A-D-0.5,6,5.97,35.82,true,2026-06-20 20:38:10
30844-91890-ZA,E-D-2.5,6,27.945,167.67,false,2026-02-13 11:16:30
62979-53167-ML,A-M-2.5,2,25.875,51.75,true,2026-05-21 19:31:49
71364-35210-HS,A-D-0.2,3,2.985,8.955,true,2026-05-10 11:34:30
25331-13794-SB,E-L-0.5,6,8.91,53.46,false,2026-06-01 10:26:01
01841-48191-NL,A-L-0.2,6,3.885,23.31,true,2026-01-27 15:54:51
34665-62561-AU,A-M-0.2,2,3.375,6.75,true,2026-03-31 13:03:08
71769-10219-IM,L-D-0.5,1,7.77,7.77,true,2026-03-26 11:25:38
09595-95726-OV,L-D-2.5,4,29.785,119.14,true,2026-06-20 16:00:25
42770-36274-QA,A-D-1,2,9.95,19.9,false,2026-01-27 12:11:42
50238-24377-ZS,R-L-0.5,5,7.17,35.85,true,2026-01-24 17:03:01
28300-14355-GF,L-D-2.5,3,29.785,89.355,false,2026-01-03 09:45:40
14307-87663-KB,L-M-0.2,2,4.365,8.73,true,2026-01-02 13:58:23
64435-53100-WM,R-L-2.5,5,27.485,137.425,false,2026-05-19 09:56:43
12607-75113-UV,L-M-0.5,4,8.73,34.92,false,2026-02-10 12:26:11
64852-04619-XZ,A-L-2.5,6,29.785,178.71,false,2026-04-24 16:11:26
64395-74865-WF,A-M-2.5,1,25.875,25.875,false,2026-01-29 11:05:31
92976-19453-DT,L-D-1,6,12.95,77.7,true,2026-03-25 18:08:14
54798-14109-HC,R-M-1,1,9.95,9.95,true,2026-02-09 11:19:40
57504-13456-UO,L-M-1,2,14.55,29.1,true,2026-04-07 09:30:46
53971-49906-PZ,R-L-0.2,6,3.585,21.51,false,2026-01-07 14:25:10
28476-04082-GR,A-M-0.5,1,6.75,6.75,true,2026-01-05 20:32:45
66508-21373-OQ,A-D-0.5,3,5.97,17.91,false,2026-02-23 15:40:45
98536-88616-FF,A-L-2.5,1,29.785,29.785,true,2026-01-31 13:08:30
10248-53779-DT,E-M-0.5,5,8.25,41.25,true,2026-01-13 18:56:43
01603-43789-TN,R-M-0.5,3,5.97,17.91,true,2026-02-15 14:02:04
16545-76328-JY,E-D-0.5,1,7.29,7.29,true,2026-06-25 20:12:41
47723-84396-MT,E-L-1,2,14.85,29.7,true,2026-04-26 12:15:37
51940-02669-OR,A-M-1,2,11.25,22.5,false,2026-06-23 11:07:08
07972-83748-JI,R-M-0.2,4,2.985,11.94,true,2026-02-03 13:21:48
01338-83217-GV,A-L-1,2,12.95,25.9,false,2026-01-21 16:38:49
87688-42420-TO,L-M-0.5,5,8.73,43.65,false,2026-06-29 15:37:02
90312-11148-LA,A-L-0.5,6,7.77,46.62,false,2026-03-30 15:32:04
20256-54689-LO,L-L-0.5,3,9.51,28.53,false,2026-03-17 12:52:16
48464-99723-HK,R-L-2.5,1,27.485,27.485,true,2026-06-08 17:28:29
24010-66714-HW,E-D-0.2,3,3.645,10.935,false,2026-06-28 17:58:04
46681-78850-ZW,R-L-0.2,2,3.585,7.17,false,2026-01-09 10:16:10
32481-61533-ZJ,A-L-0.2,6,3.885,23.31,true,2026-02-11 17:08:18
34570-99384-AF,A-D-2.5,5,22.885,114.425,true,2026-04-27 09:35:28
49231-44455-IC,A-M-2.5,3,25.875,77.625,true,2026-05-20 14:24:10
97201-58870-WB,R-D-0.5,1,5.37,5.37,true,2026-02-14 14:02:23
86144-10144-CB,R-D-2.5,6,20.585,123.51,false,2026-01-02 13:42:47
45089-52817-WN,L-M-0.5,2,8.73,17.46,false,2026-01-07 11:30:02
46818-20198-GB,E-L-0.2,3,4.455,13.365,false,2026-04-24 11:42:24
64439-27325-LG,A-L-0.2,2,3.885,7.77,true,2026-04-08 11:16:08
38387-64959-WW,R-D-0.2,1,2.685,2.685,true,2026-05-26 09:28:07
88420-46464-XE,R-D-2.5,1,20.585,20.585,true,2026-01-03 11:03:28
36769-16558-SX,A-D-2.5,5,22.885,114.425,true,2026-06-18 13:46:47
22107-86640-SB,E-M-0.2,5,4.125,20.625,false,2026-03-24 14:42:09
60221-67036-TD,L-L-0.5,6,9.51,57.06,true,2026-03-27 17:59:21
74126-88836-KA,R-D-2.5,4,20.585,82.34,true,2026-01-26 19:10:40
98051-37183-SK,E-M-2.5,5,31.625,158.125,false,2026-03-26 13:21:04
56450-21890-HK,R-D-0.5,6,5.37,32.22,true,2026-06-02 15:02:12
83947-45528-ET,E-D-1,2,12.15,24.3,false,2026-03-09 19:23:44
76263-95145-GJ,R-L-0.5,5,7.17,35.85,false,2026-05-08 20:29:57
40507-83899-MR,L-M-1,5,14.55,72.75,false,2026-04-24 19:54:28
58816-74064-TF,L-L-1,3,15.85,47.55,false,2026-03-15 17:47:26
92227-49331-QR,R-L-0.2,1,3.585,3.585,true,2026-01-22 17:18:34
98636-90072-YE,E-M-2.5,5,31.625,158.125,false,2026-04-24 16:12:14
11212-69985-ZJ,L-M-0.5,2,8.73,17.46,false,2026-04-04 12:23:53
58816-74064-TF,A-L-2.5,5,29.785,148.925,false,2026-06-16 11:17:22
37445-17791-NQ,A-M-0.5,6,6.75,40.5,true,2026-05-23 17:15:13
61809-87758-LJ,A-M-0.5,4,6.75,27,true,2026-06-13 20:22:17
72282-40594-RX,L-D-1,3,12.95,38.85,false,2026-05-14 19:31:42
11212-69985-ZJ,R-L-1,5,11.95,59.75,false,2026-02-01 18:59:20
74940-09646-MU,R-L-0.2,3,3.585,10.755,false,2026-02-09 11:01:40
91950-91273-JT,A-D-2.5,4,22.885,91.54,false,2026-04-15 09:14:55
91181-19412-RQ,A-M-1,4,11.25,45,true,2026-02-26 13:44:47
78570-76770-LB,R-M-2.5,6,22.885,137.31,true,2026-06-22 16:46:06
24972-55878-KX,A-M-0.5,1,6.75,6.75,false,2026-04-10 15:23:43
54722-76431-EX,A-M-1,4,11.25,45,false,2026-06-01 18:07:49
77828-66867-KH,E-D-2.5,3,27.945,83.835,true,2026-04-05 15:57:19
40214-03678-GU,E-D-0.2,1,3.645,3.645,true,2026-04-12 19:43:49
91509-62250-GN,A-M-0.5,1,6.75,6.75,false,2026-04-25 12:20:40
69503-12127-YD,E-D-0.5,3,7.29,21.87,false,2026-01-10 11:51:15
24766-58139-GT,R-D-0.2,5,2.685,13.425,true,2026-05-20 19:17:55
99643-51048-IQ,R-D-2.5,6,20.585,123.51,false,2026-06-23 11:14:56
22221-71106-JD,L-D-0.2,2,3.885,7.77,false,2026-05-31 20:23:36
61513-27752-FA,A-M-1,6,11.25,67.5,true,2026-01-12 18:21:55
72282-40594-RX,E-D-2.5,1,27.945,27.945,false,2026-03-25 19:44:03
68605-21835-UF,A-L-2.5,3,29.785,89.355,false,2026-05-19 14:55:14
29581-13303-VB,A-M-0.5,3,6.75,20.25,false,2026-05-06 19:27:15
93676-95250-XJ,A-M-0.5,5,6.75,33.75,true,2026-05-14 14:30:08
09171-42203-EB,E-D-2.5,4,27.945,111.78,false,2026-03-01 13:37:56
49315-21985-BB,E-M-2.5,2,31.625,63.25,true,2026-03-18 17:41:34
24766-58139-GT,E-L-0.2,2,4.455,8.91,true,2026-05-15 20:45:33
67938-81768-NX,E-D-1,1,12.15,12.15,true,2026-01-09 20:47:24
01841-48191-NL,A-D-0.5,4,5.97,23.88,true,2026-03-22 10:52:44
93046-67561-AY,E-M-1,4,13.75,55,false,2026-05-02 11:27:40
27132-68907-RC,R-D-1,3,8.95,26.85,true,2026-01-23 09:06:23
72072-33025-SD,R-M-2.5,5,22.885,114.425,false,2026-02-27 14:29:17
48544-90737-AZ,A-M-2.5,6,25.875,155.25,true,2026-05-30 20:15:05
92976-19453-DT,L-D-0.5,3,7.77,23.31,true,2026-01-12 13:20:14
21125-22134-PX,R-M-2.5,4,22.885,91.54,true,2026-02-07 13:41:42
24845-36117-TI,E-L-1,5,14.85,74.25,true,2026-02-04 13:19:36
91465-84526-IJ,L-L-0.2,6,4.755,28.53,false,2026-03-02 11:03:20
86783-78048-GC,R-L-0.5,2,7.17,14.34,true,2026-02-03 16:52:25
58559-08254-UY,A-L-0.5,2,7.77,15.54,true,2026-05-19 13:07:53
46168-23489-RD,R-L-1,3,11.95,35.85,false,2026-01-13 16:48:35
90816-65619-LM,A-L-0.5,6,7.77,46.62,false,2026-06-02 10:14:13
84761-40784-SV,R-L-0.5,5,7.17,35.85,false,2026-04-13 11:57:19
29738-86305-ZU,L-D-2.5,4,29.785,119.14,false,2026-06-04 12:55:34
00886-35803-FG,L-D-0.5,3,7.77,23.31,false,2026-03-31 18:29:36
45899-92796-EI,A-M-1,1,11.25,11.25,false,2026-05-27 20:43:40
17005-82030-EA,E-D-2.5,3,27.945,83.835,true,2026-05-15 17:06:04
11263-86515-VU,R-L-2.5,4,27.485,109.94,false,2026-02-20 19:18:00
53086-67334-KT,R-L-0.2,4,3.585,14.34,true,2026-04-29 14:24:28
04317-46176-TB,R-L-0.2,6,3.585,21.51,false,2026-04-15 12:42:57
84405-83364-DG,A-M-1,2,11.25,22.5,true,2026-05-01 18:02:18
80444-58185-FX,A-L-0.2,1,3.885,3.885,true,2026-05-27 13:31:33
26822-19510-SD,E-D-2.5,1,27.945,27.945,true,2026-02-15 20:16:07
49315-21985-BB,E-L-2.5,5,34.155,170.775,true,2026-02-05 09:44:38
74330-29286-RO,R-L-2.5,2,27.485,54.97,true,2026-03-13 15:49:59
71891-51101-VQ,E-L-1,1,14.85,14.85,true,2026-05-24 13:43:22
35367-50483-AR,A-L-0.2,2,3.885,7.77,true,2026-02-09 10:12:53
52316-30571-GD,L-L-0.2,5,4.755,23.775,true,2026-01-16 09:12:58
92227-49331-QR,L-L-1,5,15.85,79.25,true,2026-03-07 09:16:39
63349-66809-NF,A-D-2.5,2,22.885,45.77,true,2026-03-22 09:49:42
69037-66822-DW,R-D-1,1,8.95,8.95,true,2026-04-19 14:59:00
63499-24884-PP,R-M-0.5,4,5.97,23.88,true,2026-03-21 12:14:36
86437-17399-FK,E-L-0.2,5,4.455,22.275,false,2026-04-11 11:46:58
17670-51384-MA,R-M-1,3,9.95,29.85,true,2026-04-28 15:10:03
91809-58808-TV,E-L-0.5,6,8.91,53.46,true,2026-01-15 14:41:07
44981-99666-XB,R-D-0.2,1,2.685,2.685,true,2026-04-04 17:50:46
90123-70970-NY,R-M-0.2,2,2.985,5.97,false,2026-01-14 14:28:32
69443-77665-QW,L-D-1,1,12.95,12.95,true,2026-05-03 12:48:07
85851-78384-DM,E-M-0.5,1,8.25,8.25,false,2026-06-02 14:33:58
27878-42224-QF,A-L-2.5,5,29.785,148.925,false,2026-06-04 16:29:53
13561-92774-WP,A-L-2.5,3,29.785,89.355,true,2026-01-09 18:31:49
08946-56610-IH,L-M-1,6,14.55,87.3,false,2026-06-19 20:07:58
21907-75962-VB,R-D-0.5,1,5.37,5.37,true,2026-06-30 13:58:46
61513-27752-FA,A-D-0.2,3,2.985,8.955,true,2026-05-18 16:41:18
04921-85445-SL,R-L-2.5,5,27.485,137.425,true,2026-04-17 12:09:04
66240-46962-IO,R-L-1,5,11.95,59.75,false,2026-03-31 16:34:23
87726-16941-QW,A-L-0.5,3,7.77,23.31,false,2026-01-02 15:07:19
79825-17822-UH,R-D-0.5,2,5.37,10.74,false,2026-05-09 11:01:40
66028-99867-WJ,E-D-2.5,6,27.945,167.67,true,2026-02-26 15:28:28
10204-31464-SA,E-D-0.2,6,3.645,21.87,true,2026-05-30 09:12:31
23600-98432-ME,R-L-1,2,11.95,23.9,true,2026-02-22 17:11:45
00445-42781-KX,A-M-0.2,2,3.375,6.75,true,2026-06-27 20:01:20
76060-30540-LB,E-M-2.5,1,31.625,31.625,true,2026-01-10 09:39:32
22503-52799-MI,R-L-1,4,11.95,47.8,false,2026-02-27 18:07:23
66527-94478-PB,L-M-2.5,1,33.465,33.465,false,2026-03-18 18:14:12
59081-87231-VP,A-D-0.5,5,5.97,29.85,true,2026-02-02 19:48:11
04739-85772-QT,R-M-1,3,9.95,29.85,true,2026-01-31 18:50:30
73759-17258-KA,A-M-2.5,6,25.875,155.25,true,2026-01-04 18:41:03
12190-25421-WM,E-D-0.2,5,3.645,18.225,false,2026-04-13 15:09:11
28300-14355-GF,L-D-0.5,2,7.77,15.54,false,2026-02-19 10:39:20
69958-32065-SW,L-L-2.5,3,36.455,109.365,false,2026-03-27 09:06:14
76730-63769-ND,A-L-1,6,12.95,77.7,false,2026-06-17 18:48:29
75977-30364-AY,A-D-0.2,3,2.985,8.955,false,2026-06-27 19:37:56
32058-76765-ZL,R-L-2.5,1,27.485,27.485,false,2026-05-13 15:48:05
25181-97933-UX,R-M-0.5,5,5.97,29.85,false,2026-05-16 15:05:33
64395-74865-WF,A-M-0.5,4,6.75,27,false,2026-01-01 12:37:03
22725-79522-GP,A-D-1,1,9.95,9.95,false,2026-04-26 19:02:12
27517-43747-YD,E-M-0.2,3,4.125,12.375,true,2026-03-02 13:23:45
