"code","type","file","caption"
"DPOBDYnCc6g","reel","ds_reel_DPOBDYnCc6g_640x1136.jpg","For the city that runs on coffee, we added space for more fun, more conversation"
"DQwoKdnCX9j","reel","ds_reel_DQwoKdnCX9j_640x1136.jpg","Some come for the coffee. Some come for the peace. Some come to laugh a little l"
"Dc1IHzQpps4","reel","ds_reel_Dc1IHzQpps4_720x1280.jpg","Orange • Honey • Almond 🍊 Simple ingredients. Extraordinary taste. Fresh orange"
"DZzQVnKT6m-","reel","ds_reel_DZzQVnKT6m-_640x1136.jpg","Meet our newest summer creation: Matcha Thandai. ❄️ A traditional thandai made w"
"DYsHEVsib9I","p","ds_p_DYsHEVsib9I_2730x1820.jpg","Photo by Doubleshot Coffee Roasters® on May 23, 2026."
"DXtKYXFiSZr","reel","ds_reel_DXtKYXFiSZr_640x1136.jpg","Layers that settle slow. Foam that hits first. Coffee that stays longer than the"
"DW0OTLkpnfj","reel","ds_reel_DW0OTLkpnfj_640x1136.jpg","Some places you plan for. Some just become a habit. DoubleShot is that quiet par"
"DWi63GgJvid","reel","ds_reel_DWi63GgJvid_640x1136.jpg","Everything, made from scratch. . Introducing our newest in-house creations @doub"
"DUQD8HBCYHQ","p","ds_p_DUQD8HBCYHQ_1080x1350.jpg","Photo by Doubleshot Coffee Roasters® on February 02, 2026."
"DRJlDnHCQO0","reel","ds_reel_DRJlDnHCQO0_640x1136.jpg","The DoubleShot Cookie - Priceless Love ! #doubleshotcoffeeroasters #doubleshotam"
"DQT2-nuCRL-","p","ds_p_DQT2-nuCRL-_1080x1350.jpg","Photo by Doubleshot Coffee Roasters® on October 27, 2025."
"DNFOnQ7xLWf","p","ds_p_DNFOnQ7xLWf_720x479.jpg","“Ever watched espresso melt ice cream into pure magic? 🍦☕ Swipe to taste it wit"
"DMZjBe5x-jv","reel","ds_reel_DMZjBe5x-jv_640x1136.jpg","NEW guilt-free experience is here. Freshly made Sourdough Sandwiches— with in-ho"
"DMH7bnVRByq","reel","ds_reel_DMH7bnVRByq_640x1136.jpg","YOU wanted more room & we made it happen. Our Ranjit Avenue outlet just got bigg"
"DMCVw0SR19O","p","ds_p_DMCVw0SR19O_720x479.jpg","A bold fusion of two fresh cold-pressed juices, finished with a shot of espresso"
"DL7EyMeRnpZ","reel","ds_reel_DL7EyMeRnpZ_640x1136.jpg","UPDATE 🚨: We’re Expanding Shortly! @doubleshotcoffeeroasters 📍 Ranjit Avenue ."
"DLm2BwohffK","reel","ds_reel_DLm2BwohffK_640x1136.jpg","“Ever wonder what makes our bagels so special? 🤔 It’s more than just flour and "
"DLH7uxnxn4r","reel","ds_reel_DLH7uxnxn4r_640x1136.jpg","Squeeze the day with our Mojitos. We’re talking real, cold-pressed Watermelon, P"
"DK3-IC6Rbdh","reel","ds_reel_DK3-IC6Rbdh_640x1136.jpg","Big news, bread lovers! 📢 Our Country Sourdough, the star of your favorite Doub"
"DKbc_2sRm8M","reel","ds_reel_DKbc_2sRm8M_640x1136.jpg","Freshly milled artisan flour meets creamy mozzarella, sun-ripened tomatoes, and "
"DIv4HHeoisE","p","ds_p_DIv4HHeoisE_1350x1688.jpg","Photo shared by Doubleshot Coffee Roasters® on April 22, 2025 tagging @doublesho"
"DIaeRrfhaG8","reel","ds_reel_DIaeRrfhaG8_720x1280.jpg","DoubleShot Jandiala is now brewing on Zomato—order your favourites straight to y"
"DIRXIp8zBM5","reel","ds_reel_DIRXIp8zBM5_720x1280.jpg","At DoubleShot, we’re all about morning brews, mid-day resets and late-night sips"
"DH-z1qpo45S","p","ds_p_DH-z1qpo45S_1350x1688.jpg","Photo by Doubleshot Coffee Roasters® in Doubleshot Coffee Roasters."
"DH2cR9nzsAV","reel","ds_reel_DH2cR9nzsAV_720x1280.jpg","Sip, chat, and let the moment brew☕️"
"DHyAUGpRE86","p","ds_p_DHyAUGpRE86_1350x1688.jpg","Photo shared by Doubleshot Coffee Roasters® on March 29, 2025 tagging @doublesho"
"DHm1rYnoAc3","reel","ds_reel_DHm1rYnoAc3_1170x2080.jpg","And with that thought, should you take one more? Maybe it’s the start of another"
"DHVLH7PRMFo","p","ds_p_DHVLH7PRMFo_1080x1350.jpg","Photo shared by Doubleshot Coffee Roasters® on March 17, 2025 tagging @doublesho"
"DG8AXwroGxG","reel","ds_reel_DG8AXwroGxG_1170x2080.jpg","Freshness isn’t just an ingredient at DoubleShot. It’s the soul of every dish. O"
"DGfP5f_x4Gm","p","ds_p_DGfP5f_x4Gm_1350x1688.jpg","Photo shared by Doubleshot Coffee Roasters® on February 24, 2025 tagging @double"
"DGKmjTxxCJT","reel","ds_reel_DGKmjTxxCJT_1170x2080.jpg","Feel the journey behind your favourite cup! #doubleshotlegacy #doubleshotcoffeer"
"DFg-Js1yGkt","reel","ds_reel_DFg-Js1yGkt_720x1280.jpg","DoubleShot is not just a Coffee Shop, it’s a ritual and a daily dose! A place wh"
"DFU0SDayg5Q","reel","ds_reel_DFU0SDayg5Q_640x1136.jpg","The cold has begun to ease and the days are longer. Bringing to you a cup that b"
"DER8hPzSnBQ","reel","ds_reel_DER8hPzSnBQ_1170x2080.jpg","“Some Things are irreplaceable” Happy New Year 2025🤎 @doubleshotcoffeeroasters "
"DCYs8yqxeW3","reel","ds_reel_DCYs8yqxeW3_720x1280.jpg","Our Winter Spice Latte: warm, spiced, and handcrafted with our own house-made pu"
"DCLhu-KxgEZ","reel","ds_reel_DCLhu-KxgEZ_1080x1920.jpg","“Jalandhar, your quick coffee boost is here! 🚀☕ Swing by Doubleshot for a speed"
"DCBWbFmS9V9","reel","ds_reel_DCBWbFmS9V9_720x1280.jpg","Our velvety HOT CHOCOLATE . @doubleshotcoffeeroasters @doubleshotmohali 🌟✨ . #H"
"DByTvL2sT-B","reel","ds_reel_DByTvL2sT-B_720x1280.jpg","“Love bold espresso, chocolaty americanos, or fruity pour overs? Doubleshot is y"
"DBoAJbzyjle","reel","ds_reel_DBoAJbzyjle_720x1280.jpg","“Warm up with our Tiramisu Latte! Creamy layers, whipped delight, and a sweet ti"
"DBYjxymIS3Y","p","ds_p_DBYjxymIS3Y_1440x1440.jpg","Photo by Doubleshot Coffee Roasters® on October 21, 2024."
"DBBBCh1S5Fe","reel","ds_reel_DBBBCh1S5Fe_720x1280.jpg","“Introducing our new quick-bite loaded breads at Doubleshot! Four delicious opti"
"DAyOpxRo_XG","p","ds_p_DAyOpxRo_XG_1440x1440.jpg","Photo by Doubleshot Coffee Roasters® on October 06, 2024."
"DAk-mWjyS4j","reel","ds_reel_DAk-mWjyS4j_720x1280.jpg","Celebrate this INTERNATIONAL COFFEE DAY with us at @doubleshotcoffeeroasters @do"
"C_VPtASS6Qi","reel","ds_reel_C_VPtASS6Qi_1080x1920.jpg","“Jalandhar, your perfect brew and bite await! Dive into Doubleshot Coffee Roaste"
"C-PNDPUResh","reel","ds_reel_C-PNDPUResh_720x1280.jpg","Fall in love with our newest “Falafel Sandwich” crafted with our in-house specia"
"C97ZiCFy3nc","reel","ds_reel_C97ZiCFy3nc_720x1280.jpg","“Can’t decide between a cookie 🍪 and a croissant 🥐? Try our Cookie Croissant E"
"C9IVMuxIlwk","reel","ds_reel_C9IVMuxIlwk_1080x1920.jpg","Refresh your summers with each sip of our ‘ICED MATCHA LATTE’ - bursting with vi"
"C9EYx1uR1M2","p","ds_p_C9EYx1uR1M2_1440x1800.jpg","Photo by Doubleshot Coffee Roasters® on July 05, 2024."
"C88ePApo46F","reel","ds_reel_C88ePApo46F_720x1280.jpg","“Takeaway or Dine-In? ☕ How do you enjoy your DoubleShot Coffee? #CoffeeChoice #"
"C8pTOIJywwH","p","ds_p_C8pTOIJywwH_1440x1792.jpg","Photo by Doubleshot Coffee Roasters® on June 25, 2024."
"C8Yv_UNRBVs","reel","ds_reel_C8Yv_UNRBVs_720x1280.jpg","COOL DOWN with our AFFOGATO! ☕ +🍦. Our house blend shines like a star on vanill"
"C783muxRM_k","reel","ds_reel_C783muxRM_k_720x1280.jpg","Your Favourite ICED LATTE - Now topped with fresh WHIPPED CREAM Come & Enjoy at "
"C70iSlGxwyL","reel","ds_reel_C70iSlGxwyL_1080x1920.jpg","“Iced or Hot, enjoy our rich and creamy Vietnamese Latte” @doubleshotcoffeeroast"
"C7Rs5gdBMAP","reel","ds_reel_C7Rs5gdBMAP_720x1280.jpg","🌱☕ Exciting times in our roasting room! With the new harvest season, we’re thri"
"C50jg4fILAv","reel","ds_reel_C50jg4fILAv_720x1280.jpg","KIDDAN JALANDHAR! After spreading joy in Amritsar and Mohali with our freshly ro"
"C5XqwgyodLv","reel","ds_reel_C5XqwgyodLv_720x1280.jpg","Quench your thirst and energize your day with our refreshing new cold press juic"
"C4vPJmKRCco","reel","ds_reel_C4vPJmKRCco_720x1280.jpg","Introducing the newest star of our menu: artisanal sourdough breads! Crafted wit"
"C4XSH7-xMnz","reel","ds_reel_C4XSH7-xMnz_720x1280.jpg","“From the roaster to your cup, each sip tells a story of dedication to quality a"
"C3ueJDsxtvi","reel","ds_reel_C3ueJDsxtvi_720x1280.jpg","As we open the doors to our newest location, we want to pause and express our de"
"C3mAcyJxFC4","reel","ds_reel_C3mAcyJxFC4_720x1280.jpg","#VEGAN “☕ Love your coffee just the way you like it? Range of VEGAN and alternat"
"C3VX2NZRhhp","reel","ds_reel_C3VX2NZRhhp_720x1280.jpg","Experience the iconic taste of a New York-style bagel adorned with luscious crea"
"C3FxdWjx4Cy","reel","ds_reel_C3FxdWjx4Cy_720x1280.jpg","Watch as we craft the iconic flavors of Authentic New-York style Bagels right be"
"C2MpIiWRxJ9","reel","ds_reel_C2MpIiWRxJ9_1080x1920.jpg","“Pure bliss in a bite: Frangipane-filled almond croissant. 😋 #DeliciousIndulgen"
"C1y80GnRGeb","reel","ds_reel_C1y80GnRGeb_720x1280.jpg","Embark on a culinary journey with us as, we unveil the secrets behind our handma"
"C0oRnxCxsBD","reel","ds_reel_C0oRnxCxsBD_1080x1920.jpg","“Take off to taste perfection at Doubleshot Coffee Roasters in Ranjit Avenue, Am"
"C0iwpERRxCc","p","ds_p_C0iwpERRxCc_1440x1440.jpg","Photo by Doubleshot Coffee Roasters® on December 06, 2023."
"C0MsnqFxB2x","reel","ds_reel_C0MsnqFxB2x_720x1280.jpg","“Unveiling the essence of Tiramisu like never before! Sip or savor, cup or plate"
"C0CDu5kIp5F","p","ds_p_C0CDu5kIp5F_1440x1440.jpg","Photo by Doubleshot Coffee Roasters® on November 24, 2023."
"Cy2VcrrxiiX","reel","ds_reel_Cy2VcrrxiiX_720x405.jpg","Don’t want to miss a single ball during WC? Get your favourite coffee delivered "
"Cyq5RpChjmL","reel","ds_reel_Cyq5RpChjmL_720x1280.jpg","Pour over accentuates intricate flavors when compared to other brewing methods. "
"CyFqnekxFiu","reel","ds_reel_CyFqnekxFiu_480x854.jpg","The new way to brew and enjoy coffee. The Tricolate device has a number of innov"
"Cxzhp2-RVVa","reel","ds_reel_Cxzhp2-RVVa_720x1280.jpg","Coffee from the Aeropress is no joke. It’s well rounded, often has a medium body"
"CxS9nPRx6jG","p","ds_p_CxS9nPRx6jG_1440x1800.jpg","Photo by Doubleshot Coffee Roasters® in Doubleshot Coffee Roasters with @_ramand"
"CxSFZLhRrvq","reel","ds_reel_CxSFZLhRrvq_720x1280.jpg","A cup of coffee and the sound of rain, a moment of pure bliss. #doubleshotcoffee"